path	bytes	sha256
breath_detection/bpm_data.csv	2840	55c682cb28752ed16b63e410fb530d7737ef88d4b6f400bc5ad47eda3aa9a69e
breath_detection/log.csv	769964	c8f41c2fa0a084df4c5efe0ed3b8005c0afa5a2cb25cfe747e184c0be854d643
breath_detection/respiration_data.npz	86982	f364769e847649dc9fb3d14744e4508e52c7f2f9cb972b72de25ce7a4a6a8c0f
human_tracking/capacity.xlsx	8722	d068cbba63ae2dc029958ac2ae5eba0b187359111e3967fe20193254ca05090d
multistory_corridor/BER_data/constellation/data_with.csv	40510	07fef747833a0f8a54888924289f89175ddabf06060e30ec51ae5d7c7adeb5fc
multistory_corridor/BER_data/constellation/data_without.csv	40570	422a7ec5a85724454ba631758455789530babde7cadec8ba61cb31ade78f5817
multistory_corridor/BER_data/no_ris/data_1769521639.csv	81	f7d2d7e6a6199296a405ed2b367299bc4e5107712d8c20e8d2f7d5f9c0e6cfd0
multistory_corridor/BER_data/no_ris/data_1769521652.csv	81	3bef94389407980e1be902ae3fc4cdf871aa746feec1cff862a676327de0a561
multistory_corridor/BER_data/no_ris/data_1769521689.csv	81	7e89a3fc31b9390badf2506e90311ecf5609cfd5fa22e4685ae355d8ac21831c
multistory_corridor/BER_data/no_ris/data_1769521706.csv	81	aca90851e273c55fde2f8a2fd313c1e36ef44d822dc4372e59d6bb8923ea6dc0
multistory_corridor/BER_data/no_ris/data_1769521717.csv	81	c1a0172be294ddec35ef28d6d73c49c0f6433f64f0484edf2a2b6ae012263be8
multistory_corridor/BER_data/no_ris/data_1769521727.csv	81	e2b503806244c35cf0374522c8d26be1bad162b6a79a4cb5d2334e196b9c0a1a
multistory_corridor/BER_data/no_ris/data_1769521742.csv	81	8ac1461b7613ce208e230d60a532814b6d6000e85cc5b578b8343add34b7517f
multistory_corridor/BER_data/no_ris/data_1769521755.csv	81	7728f169a356972d440142986fa3ab42ed7cc88b5a8e631d85251982cf0d2161
multistory_corridor/BER_data/no_ris/data_1769521769.csv	81	545a51b0d932183465a9604ca9c2a3ed40b442ee7ad3bf9ea472987c6dc3b4ec
multistory_corridor/BER_data/no_ris/data_1769521789.csv	81	7813174c31300e79f1c20f38f1a58f0c419a89513483b7b28a458d7ae5cfb195
multistory_corridor/BER_data/no_ris/data_1769521802.csv	81	e8b7ada96f61f283c1a3207a1679f8224ddccb82505017da3f041a331646a007
multistory_corridor/BER_data/no_ris/data_1769521816.csv	81	62d7dbbf5c3bc620cefc7b57909b3853d33b09338798bae36459aa753269fafd
multistory_corridor/BER_data/no_ris/data_1769521832.csv	81	b80c0c664e98e5690d07f2f55deec00d0b19cfb00128e5581fbf56de87fc6188
multistory_corridor/BER_data/no_ris/data_1769521848.csv	81	a0e335ce3809c256a97682de360ce0b7da69bd01987ba8c3ed5d4c73eb900ac2
multistory_corridor/BER_data/no_ris/data_1769521864.csv	81	1aae3bdd57985966093ace469d3751ca848861430b51520851e7df2efa683c0f
multistory_corridor/BER_data/no_ris/data_1769530471.csv	81	0314216d097307e75d90faec355d194d39230ee9e27b96dc2b7e912174e80b01
multistory_corridor/BER_data/no_ris/data_1769530484.csv	81	985a872df7f7d8bb6a36e43eab662ddb4dd03b07114ae79d06aaec207f6fb27f
multistory_corridor/BER_data/no_ris/data_1769530498.csv	81	06eae9a5dd2c53fa47c4125be99a56eaa22d51e487532b3f589dd41b6797e0de
multistory_corridor/BER_data/no_ris/data_1769530509.csv	81	66645bc642516259e14b5b98780eba1aecfbcd5d16a7d933608f24233f2def5c
multistory_corridor/BER_data/no_ris/data_1769530526.csv	81	8d1681801d787c9919b0942820b3f34563c57862e2e80ffd6762d2685304caf7
multistory_corridor/BER_data/no_ris/data_1769530545.csv	81	7cdea23d46f3c133acef3b7492fef8935484700ebedbf4f78c170bf27bd3caa9
multistory_corridor/BER_data/no_ris/data_1769530560.csv	81	7e00cea243cdfe6f11f7b170f0d40258ee29240dbef4cc1fd3f080f710b956f1
multistory_corridor/BER_data/no_ris/data_1769530574.csv	81	d47958dbc0e3cda09dee5599eab7a4ae196b719ff91e76f3482365cb37e60c48
multistory_corridor/BER_data/no_ris/data_1769530590.csv	81	27c7e675be5d8c8bfa72b0aa7aca0e0f7569255be06c5cdece885e0bd9ebdd7f
multistory_corridor/BER_data/no_ris/data_1769530605.csv	81	1965724817f94d6964b3a5cefc466809876b3ebf1eb26526ce1823169e414d7e
multistory_corridor/BER_data/no_ris/data_1769530622.csv	81	207f1ff4e8bca0d08ed93e1dc4f60cf64ed04b881453823cbd15ca27218ab29f
multistory_corridor/BER_data/no_ris/data_1769530641.csv	81	291721d15226252a4cfd7e74c364d4cc1c144f5889547aee1554d17d38f8236c
multistory_corridor/BER_data/no_ris/data_1769530658.csv	81	f1f7e0221f6c9c08a43553b025ba0dabc79457b831d754959afdd5669b6cb9e1
multistory_corridor/BER_data/no_ris/data_1769530674.csv	81	c786a9d04f50e51b46c94e8c5527d47746b63a9a97d95bd382d420df87765be9
multistory_corridor/BER_data/no_ris/data_1769530693.csv	81	3660e79f6226f7beade5c17a6798a84d344cc0d4f4283f3f469687368cd24951
multistory_corridor/BER_data/no_ris/data_1769530723.csv	81	b50f8c8e7e7d7d8065e820717281fea09a4661599a24338e8f91c91bdcffd67e
multistory_corridor/BER_data/no_ris/data_1769530746.csv	81	03a9473b39d614c34a4908c2c6c20190ec9ce949cd55836afd2b5977d1d81a9c
multistory_corridor/BER_data/no_ris/data_1769530764.csv	81	494724a55cebd43711d7638274fd145e2111bcbc67dd82c17dcc0c100afdefec
multistory_corridor/BER_data/no_ris/data_1769530796.csv	81	f47697f08aca87f75da3da13328bfc941878488641add9afaeaeec0f4aad4f23
multistory_corridor/BER_data/no_ris/data_1769530814.csv	81	e75a1d4d4c615c9e58d1bba09f7c85741fdc1ef8ce8593ebbbc0a562fe79e89d
multistory_corridor/BER_data/with_ris/data_1769526979.csv	82	5fdc1a5d7c9299cc0aebdc4ced36b849acd06416d412029eecd2fb0bfe6b2a36
multistory_corridor/BER_data/with_ris/data_1769527246.csv	82	8665088d9de6a35cb725bc22f77564b99b4c7a376a4a8ae0f9da7966dc3022b9
multistory_corridor/BER_data/with_ris/data_1769527528.csv	82	fb2c90d5f9636afe9e0f882ae1b6253cfd0636dde03c17400aa9f9a4c1fb6e57
multistory_corridor/BER_data/with_ris/data_1769527832.csv	82	42ef4885560eb4f18bf0c1a2cebaa1df3b1f4b12ea0253b819c3c6c8dcfa5b41
multistory_corridor/BER_data/with_ris/data_1769528345.csv	82	fef7edbe327ce68d524d54969d7f85a0573fb3e7252e374265017cb77f5c18dc
multistory_corridor/BER_data/with_ris/data_1769528551.csv	81	63a3bd21d29a3a86111ed15c3e531355848892d1fcde61fbbf55f94a278ebf65
multistory_corridor/BER_data/with_ris/data_1769528755.csv	82	eda656ed885ec1911e79d0420aeffde04cf32ed1a08a7918315392efedffca07
multistory_corridor/BER_data/with_ris/data_1769528861.csv	81	fc40bb5300096f4ebefda82552a194226105dab04605a603b5f9cd38bf83220a
multistory_corridor/BER_data/with_ris/data_1769529005.csv	82	b9d457cccfdb001ab910cc810029e9ea5d4d1ccb3424cb9563f6904899bb30cc
multistory_corridor/BER_data/with_ris/data_1769529137.csv	81	673740c746c6d57810fb44ba6ee5dac4c7e83bb24cef98a844d191e7be5e819a
multistory_corridor/BER_data/with_ris/data_1769529254.csv	81	965241d12d93214eb7d86bd457c982c5c292f3b4895bea8140ae122a82cd5880
multistory_corridor/BER_data/with_ris/data_1769529370.csv	81	183825bebcce542909d69ef2f9cc61afa6afe9c6476745863bb0d4a0d5020124
multistory_corridor/BER_data/with_ris/data_1769529489.csv	81	f82856cabd06686b3114b47b63f4ff8eab27d84f666312aa5b79d41291e65b88
multistory_corridor/BER_data/with_ris/data_1769529628.csv	81	938e26381a41a830a25c1f940cc3ac7ef02edf8aa18f6343cefa51527ac0103c
multistory_corridor/BER_data/with_ris/data_1769529736.csv	81	1556c3d9bc8ee1d5251a2034f2c405bf3c517e99d1dfc42e7c0af1fcbd574437
multistory_corridor/BER_data/with_ris/data_1769610238.csv	81	e8f15d9f2ae4ae533c7be5de90f731557831b34fbd2b39b2263f70af8b33f190
multistory_corridor/BER_data/with_ris/data_1769610457.csv	81	f6800c7394c60765f640980255e246a969b539f022cf0aeceb902c27c3a1a4aa
multistory_corridor/BER_data/with_ris/data_1769610645.csv	81	8da143efa5e041d49b984764bf37036e23965b99aa72664505f1c89d22d7b635
multistory_corridor/BER_data/with_ris/data_1769610823.csv	81	02261c10b6830bfdeaedc3116f591ef21dc55cbf6ae9b6541234bc353cab3c4c
multistory_corridor/BER_data/with_ris/data_1769611016.csv	81	34941b954720c6832ffff9ec8de4400d3f278506a2572c29140ffd88f8d44fae
multistory_corridor/BER_data/with_ris/data_1769611203.csv	81	1c6af4e5b68635696688ae89aba03c2fb00c31219337314773b3f64ec276bfbf
multistory_corridor/BER_data/with_ris/data_1769611383.csv	81	710bb21ad48a6f6f3e4851fb65224a6fddbcbcd2358255f628d1e6217afc7b0d
multistory_corridor/BER_data/with_ris/data_1769611626.csv	81	3d0078a7f5cfd791d6421cbd682198e04361885074e2eb0e54bb7e98b3f4025e
multistory_corridor/BER_data/with_ris/data_1769611778.csv	81	7093aec8a95f25fa8e2443dce5282fbb4d4b89e390e6cc1d1c4a01d008e1bcfa
multistory_corridor/BER_data/with_ris/data_1769612007.csv	81	9a07bc396d6cdf016ab26b1a2ada92b3dd7e32e9c1d9dec7192fac8961bc7194
multistory_corridor/BER_data/with_ris/data_1769612190.csv	81	49d7cc9635d7fb1206f48c4a2aeba3cf5a65903f12faed1af3aaa09556b184b3
multistory_corridor/BER_data/with_ris/data_1769612402.csv	81	f54f1622129f881a0ed384b91147d5191280726ef59a58853cba046c9fdaace1
multistory_corridor/BER_data/with_ris/data_1769612598.csv	81	c9a0777844c02776871e4fa3cfc7fb5bc7071d18acb589914bb5fa4b239071d8
multistory_corridor/BER_data/with_ris/data_1769612787.csv	81	07edeeb63cb0d2e761f51537c5947bf8d4146c49db1420162ccf283b3a7022ce
multistory_corridor/BER_data/with_ris/data_1769612977.csv	81	99d555e659d7de3ad6b28ddee25fc1a0b4fd70408c96a4cba819a25fee4134c1
multistory_corridor/BER_data/with_ris/data_1769613175.csv	81	02568ff4d2f5d1532423359828ddeb74e10f9dc3a29f7effbb137f6c6ccc656d
multistory_corridor/BER_data/with_ris/data_1769613422.csv	81	5c73def0079ac2bd8a16ef71c54a69efbb83d559bb7fee59a94b444a36212d5c
multistory_corridor/BER_data/with_ris/data_1769613616.csv	81	9b01d707bec916d5e07220b8710ef444f54f95d7ac80287a896a9b0b2a0d9883
multistory_corridor/BER_data/with_ris/data_1769613845.csv	81	4dee38d87a59130b6a93e1d080b22eaacc442719f170e1ef08fef303127033b0
multistory_corridor/BER_data/with_ris/data_1769614048.csv	81	73d4faff985420e57e17e8f7a5ba4b6e468af29f7d849f10e771a1a7e1d6f0d4
multistory_corridor/Power_data/no_ris/power1769521639.csv	19	1a1dde120dcdf0f8d889130bb56f7ece00012aaa079ab685fa1ebe301dcb0457
multistory_corridor/Power_data/no_ris/power1769521652.csv	19	caeb9bd26b1cc1e064c9bfb0865c063cedc2e49470994f195d802d611f903aac
multistory_corridor/Power_data/no_ris/power1769521689.csv	19	1564b539afcf48108d0c59af7bddd82e1b1f8f035f8b89f04e400874cb7c2f8c
multistory_corridor/Power_data/no_ris/power1769521706.csv	19	5599944de94863bc5ce8bb205a20a2feaa781f3967ec309168fba5d6f428165d
multistory_corridor/Power_data/no_ris/power1769521717.csv	14	1b4d85447d995072a72b2f52ea2a9f6897cfe78544a5b9a3ab081a54648ed509
multistory_corridor/Power_data/no_ris/power1769521727.csv	14	edaac4efae551216841e9e4bf268d85a7de34c5f543961481d215eab131da6f4
multistory_corridor/Power_data/no_ris/power1769521742.csv	19	e8ec31d003db52104e87f47b4068c2dd8efff4153fbb5b5eb4b0a055720c9e52
multistory_corridor/Power_data/no_ris/power1769521755.csv	13	cd2c0e90f04bab321d099c3db4a17a4743e3c06a29b4100551eed1b244f148ad
multistory_corridor/Power_data/no_ris/power1769521769.csv	14	3d3a96ebb4015d67789eddbd1d7b18d401135bc1b69b6916b0dff55a1aa3d8e5
multistory_corridor/Power_data/no_ris/power1769521789.csv	13	ac8e2348c647b09a3f89bcec45bf2aa711f4151130f4edbfcd83062ea3eda8e7
multistory_corridor/Power_data/no_ris/power1769521802.csv	19	415b055aeeef0a7546c3e598832862bb11b5d41034f8836e4316649871317bea
multistory_corridor/Power_data/no_ris/power1769521816.csv	19	4680e256ecd018cda2be120a7ceb7d8ccc21da5eeb48d790bcd30db2187d3396
multistory_corridor/Power_data/no_ris/power1769521832.csv	14	dee349ad3c53598c90a2b1f0485ac0f60a55ba1d4ca904c9f34bfcd4ca64754a
multistory_corridor/Power_data/no_ris/power1769521848.csv	14	047ab9b295a0d3290135d42859f2d31ecdcb81171da0630bb06129b9494a4881
multistory_corridor/Power_data/no_ris/power1769521864.csv	14	e378c6ce65698c6cba287ddfc5c67df7edacaafb226ccdaa0347567602481aeb
multistory_corridor/Power_data/no_ris/power1769530471.csv	18	7ef7db90177d81d9a6de31dcbbc2a9a19376c7b415cbf2402ecfeedac76c2526
multistory_corridor/Power_data/no_ris/power1769530484.csv	14	695fe2e8de0d91706fec39206130fb4ccf9bfb48492a62a0d158b5c9efd482aa
multistory_corridor/Power_data/no_ris/power1769530498.csv	19	ebd66dbcee60de070aad9ec44be82a3354aa943d3be57050e0e80fc1a22648cd
multistory_corridor/Power_data/no_ris/power1769530509.csv	14	3a8f2e98cabbff43325ff35ec66dca6bbfbfd664f0c097acb73a7c40399522c8
multistory_corridor/Power_data/no_ris/power1769530526.csv	14	4530139462c73d7b27c3f0f4ce1f4d45aa10b8a6be7fc364a7932ae94821ab7e
multistory_corridor/Power_data/no_ris/power1769530545.csv	19	0649dcbd744c6098ef3810a115a44a6962da042b567bac2ea2d3c125f88ef996
multistory_corridor/Power_data/no_ris/power1769530560.csv	19	ab1f0f872b714bb4d00b35f5f164368d3c8990251575994a24e1e5c2a9069c5c
multistory_corridor/Power_data/no_ris/power1769530574.csv	14	59181e187194ca9de9bef922b02a2bcaaf870bebf859e1bcd414e9732c8d5ef6
multistory_corridor/Power_data/no_ris/power1769530590.csv	14	0b5bc3056e4621f41e2aff5e149b63c28d4b47c270a2c065b11317c6190f8f18
multistory_corridor/Power_data/no_ris/power1769530605.csv	14	c3cd73b60c7e1bf1bcbb82e9d166cb93ee230947161da763c89fd7e4ec15646d
multistory_corridor/Power_data/no_ris/power1769530622.csv	19	54d00b7cd8abe383299ea6354188ace162c61738cc6088a69a75cf817daafdd3
multistory_corridor/Power_data/no_ris/power1769530641.csv	19	baa367fd16f7e6fbc6198ac4b5dc2e7038bf7794b8755006ddae23e67f0e3028
multistory_corridor/Power_data/no_ris/power1769530658.csv	19	6622b53b91e8e05803ef244e8db5a72ec61b5ac9fd92b526afaaf2afb54a05a6
multistory_corridor/Power_data/no_ris/power1769530674.csv	19	efdb41a03a4d0893257bebe68e4d65c916fe0e64a336da40db8f1c78984fe253
multistory_corridor/Power_data/no_ris/power1769530693.csv	14	a708053aafe80db244472e3c69ec1638d82dd33420e670102012549cfa8e2a56
multistory_corridor/Power_data/no_ris/power1769530723.csv	14	8bbd4a07499c29b16d64ccffdaffa0079f1aea7b063dd1dc6b5ef5fd909c622e
multistory_corridor/Power_data/no_ris/power1769530746.csv	19	a9700faeb7c9629443d840b385b9c214e3f7b1b5878a633c09c89ad1f214fe3e
multistory_corridor/Power_data/no_ris/power1769530764.csv	14	d6a4715edd5c6693d907441980c95e3264425f4d5da061ec4540caa721379d69
multistory_corridor/Power_data/no_ris/power1769530796.csv	14	23a2e80cfc50c3499f57d95f5362c83d727834696bed7fada119e878d3e7cc79
multistory_corridor/Power_data/no_ris/power1769530814.csv	19	e3da07137628fca325778a1bd45b5e6a2e53f29ce767ea8c9261adc97e354deb
multistory_corridor/Power_data/no_ris_sim/power1772197443.csv	27	4c10fe3d895d148b2d8ac3c97b583bd7aa1692a58e2d7c1238b81b08d78eb173
multistory_corridor/Power_data/no_ris_sim/power1772197444.csv	27	1ddffe8c2ff1d18c599955b98c0276d9d52a4fcc0aa55106b1675dca6ed8119f
multistory_corridor/Power_data/no_ris_sim/power1772197445.csv	27	72c4ab318cd49216d827d9fbad968a6d2ca7124cfe5586456c01fb3fa1e79b37
multistory_corridor/Power_data/no_ris_sim/power1772197446.csv	27	216118a8eeac73d16d39867d809881cdbe4ad6c138a1798b4ad48883817bbe10
multistory_corridor/Power_data/no_ris_sim/power1772197447.csv	27	048af3bfe0cec77d147039ee6e0fd52b50c800cc99c5c2d3eca182dabc902b21
multistory_corridor/Power_data/no_ris_sim/power1772197448.csv	27	7fda4ef551289066b3b63479403665ac134435b83acce17602db4f0fc50e78a8
multistory_corridor/Power_data/no_ris_sim/power1772197449.csv	27	1da3b88117a2a831e75b6e4b2726fd475f53b82eb98f2b1a3d59fc9c91e7e21a
multistory_corridor/Power_data/no_ris_sim/power1772197450.csv	27	70c8654a7a4c0615bf62084d30562779ec2be1fe9b46fdcd33cf4b35f5e4cb95
multistory_corridor/Power_data/no_ris_sim/power1772197451.csv	27	0a05166975e501bae5cae691f988d704fd4de311a9c19241230bc4c5d4789ff8
multistory_corridor/Power_data/no_ris_sim/power1772197452.csv	27	81cb53dbcd01fe8221184fee95ed8c7ac75a6e520ca171927a5dcddf3f0ea679
multistory_corridor/Power_data/no_ris_sim/power1772197453.csv	27	d765c0164d367e3a1fd47aa65212eca4db8304581fafda5120cdde65af4e0197
multistory_corridor/Power_data/no_ris_sim/power1772197454.csv	27	bf8747ed92b508a35a1838dcf3e729ccafac88b39a019b240f07f46382984440
multistory_corridor/Power_data/no_ris_sim/power1772197455.csv	27	e8cf9cf7df300d9db9ca4f90cde3816cfbeac41b05280b8dca8c4d82ae7eca6c
multistory_corridor/Power_data/no_ris_sim/power1772197456.csv	27	5791d9158e18a539fd332dd87adde85aba4555c24847bcfc91f05d079f780ff5
multistory_corridor/Power_data/no_ris_sim/power1772197457.csv	27	f2cd362a89dda2671e2f759c228cf8aec3da7761d1132f81aec892dd1cce4516
multistory_corridor/Power_data/no_ris_sim/power1772197458.csv	27	c5041ea789d49ee69fe22886a39cd0cbd7cf96707855567b705acf657b79dd4c
multistory_corridor/Power_data/no_ris_sim/power1772197459.csv	27	9ec52466892cc4d15747549e902bf2eeea5573064efdcb312b92785b953c60fc
multistory_corridor/Power_data/no_ris_sim/power1772197460.csv	27	fa3db9af4b9b31c3b06d189912ad7ade8747bec1fc2b3989a54e49f8e09cb5e1
multistory_corridor/Power_data/no_ris_sim/power1772197461.csv	27	7ef5c8376e7a93b52dc27ee02cfa93b909ac5ab9d6304b1bce5f115ce7100270
multistory_corridor/Power_data/no_ris_sim/power1772197462.csv	27	141bea4853f39c82cc742d8818937927d4f3e1bc6c90f1b7e5c26acaa4fb19f5
multistory_corridor/Power_data/no_ris_sim/power1772197463.csv	27	fe5bb0a04abe38f1310dcf2b2c0d9e2d66e141fb77bc845b012d71aba13874f0
multistory_corridor/Power_data/no_ris_sim/power1772197464.csv	27	72a38e8c446a3aa6fc41d32494880b0dae84faf623c29a8ce78e0fae0ce699d0
multistory_corridor/Power_data/no_ris_sim/power1772197465.csv	27	43e65aedf9b866d33ef43d039f70bc27ff277d5febc5ffb18a4df8b2544c46a8
multistory_corridor/Power_data/no_ris_sim/power1772197466.csv	27	fceb8fc01655d1a7a6d3283455c7872434e951e67cb274ea3ada1e5a127221d1
multistory_corridor/Power_data/no_ris_sim/power1772197467.csv	27	7f7eddd8edac15a072e7f17dcbe18976f9857ee6065b971de5dd0a0795a7ce71
multistory_corridor/Power_data/no_ris_sim/power1772197468.csv	27	22f6c6445345c6ac80299d5844d634be5d51fec533e72cac1c1a6e2661ea0267
multistory_corridor/Power_data/no_ris_sim/power1772197469.csv	27	ed4db79c56fc10d9010c41101036470416a99c29fa17cdfaf9bf4ec33b806c27
multistory_corridor/Power_data/no_ris_sim/power1772197470.csv	27	0b7911137b96eca6f02ca93767a5249c6f677239b915b10b45d6c2b8b5a7b99b
multistory_corridor/Power_data/no_ris_sim/power1772197471.csv	27	68228c8bfb03478cc69ea1a5bb147db5104787554218c18ce24de6ee24fe2cde
multistory_corridor/Power_data/no_ris_sim/power1772197472.csv	27	3213fc981e553fb61f20eb4651677be3e2e5cf98608e9e6510c754ff7863b35c
multistory_corridor/Power_data/no_ris_sim/power1772197473.csv	27	38f25db673370d5383c0a414c78bb532a39b46c0bc96aaa3ac77ee0229b08c70
multistory_corridor/Power_data/no_ris_sim/power1772197474.csv	27	515e7de7a8bdad310fa046aba6c955191172f39b936beca36dc899455180e484
multistory_corridor/Power_data/no_ris_sim/power1772197475.csv	27	24d54070b1b76a71e95c5f75c557b44c8dba477d7ab52c3274f6f9c7ce5f09de
multistory_corridor/Power_data/no_ris_sim/power1772197476.csv	27	54f28ec2544ac60ad17700cf5513a312aaa38b7903cfbc70e16b202d59810e71
multistory_corridor/Power_data/no_ris_sim/power1772197477.csv	27	c6884b628e10fcf6236957e495adb8d51b164d142f27fa5e716c0b42121733f5
multistory_corridor/Power_data/with_ris/power1769526979.csv	19	5accab3d2863925275e071ddbdfbc09a892a28b35b71fa62503e3d3b416cd417
multistory_corridor/Power_data/with_ris/power1769526979.mat	240	71aa9768535be61df844194f8a22ec521a37e869f1074b6b728e757455ddaebe
multistory_corridor/Power_data/with_ris/power1769527246.csv	19	d36811726216686bedfbb63fd65a6479d06978b7845e76516e985db207e5c1ac
multistory_corridor/Power_data/with_ris/power1769527246.mat	245	4908750c7f0fc168575035b0c7ec62961e981eee3bb9a4d7bfd9c80865c75f54
multistory_corridor/Power_data/with_ris/power1769527528.csv	19	e92f399ac3af029e1c2b250baaefdfbae95c7e64e5d9fb09a9a29bc5a972927c
multistory_corridor/Power_data/with_ris/power1769527528.mat	243	76d4175b50db621c9ed2cdb62c23fb65640e218e5c618fcb5b2c05a0a3ccdc82
multistory_corridor/Power_data/with_ris/power1769527832.csv	19	39195be34d1af5ffded037d36aed7617f8f899147c95ad275020e8dc2182db67
multistory_corridor/Power_data/with_ris/power1769527832.mat	241	f9cfd9cba9f2e6eb4c4b23337904dfe0261cb5a18b6eff43ab95e91df0e0b4bd
multistory_corridor/Power_data/with_ris/power1769528345.csv	19	4de179af532d27782e0c5d49b91d48c974bd4889d2e0cba212b3540a5a1a6d1a
multistory_corridor/Power_data/with_ris/power1769528345.mat	237	61917e180ed2144e6ec4750e42eefe56b8c2e10a72022fa0a9142acdee5a3bd9
multistory_corridor/Power_data/with_ris/power1769528551.csv	19	ec677bdeaee35621cc3f6ffd940d7dfefbaef58781704fd5fdaa1e06882dd9ba
multistory_corridor/Power_data/with_ris/power1769528551.mat	240	c44bf413b83214820afbf860eb6e7e2a972a5105029d20c1dc899b7fb7c8843b
multistory_corridor/Power_data/with_ris/power1769528755.csv	14	fd50594d190039d3aad9f10ac47aa380cc0a53ab28dd6b04e83316d669438df8
multistory_corridor/Power_data/with_ris/power1769528755.mat	249	d58540d9e2e53c06a0969e85315431f311b86b4bab7e677c3a5cfa72c4126814
multistory_corridor/Power_data/with_ris/power1769528861.csv	14	f54d0b5459807a71bec904e1dbfa75a90666b3b1114c29f26a7bd298a57a70a3
multistory_corridor/Power_data/with_ris/power1769528861.mat	243	99b37ffedb1d5f803614cad14ae758a1579a447b4224719aea15b6eab6cb5671
multistory_corridor/Power_data/with_ris/power1769529005.csv	19	c8b1bbe15eb4f2e7e92fa79ae47937ab6ddbf87625ff0a7137ad2986b778bfe4
multistory_corridor/Power_data/with_ris/power1769529005.mat	243	6b6d7a36f3ca93929edfa9d115fa4c0996bdee7b2bc975666ac9581164f4ec2b
multistory_corridor/Power_data/with_ris/power1769529137.csv	19	9ff58b4b6f8e4647ad7f528c1857b0d4c0b324e98e4f9a1625a755c670e88e5a
multistory_corridor/Power_data/with_ris/power1769529137.mat	240	46bbc5b9563b34ae6b84ef725fbaabc9706d697fbfd6d1e61957028729e5b838
multistory_corridor/Power_data/with_ris/power1769529254.csv	18	12c1e5647dd0a947e6360c76522f49ce7c570a853d759123e873a04080153d17
multistory_corridor/Power_data/with_ris/power1769529254.mat	244	7d4a8e686d16e865eb27ac1b47eeab2003f677cc38410ecaf9895f6ee89ab4c6
multistory_corridor/Power_data/with_ris/power1769529370.csv	19	4ad39db3d16fac2edd7d63b420f5f3edd3f10121ec03b0db9aab68e34737d8d7
multistory_corridor/Power_data/with_ris/power1769529370.mat	247	e71d7f44a67808c2f399b150025da024ff7769d6e1f5b87bb02d15758e96d3f3
multistory_corridor/Power_data/with_ris/power1769529489.csv	19	07466580ab287fca22597d516045f47cc96d4095822ecd48cebadf649a917d92
multistory_corridor/Power_data/with_ris/power1769529489.mat	240	7b8363c71b53ab0cc61dd1378ae5608f0ee1977912db4d2956ef06a3648dbc2d
multistory_corridor/Power_data/with_ris/power1769529628.csv	19	f18b63f56b72b05e17aaf301860341d28c9391ca32e4b674e089a30be2de1740
multistory_corridor/Power_data/with_ris/power1769529628.mat	242	91b783b9f182baa8c8dfd601576913d72e152c827976240527aab5a8135655a7
multistory_corridor/Power_data/with_ris/power1769529736.csv	19	4461c009a8a8f83d1e755dd560c1b9631ec36edc3333a4021b57f937f5a7121c
multistory_corridor/Power_data/with_ris/power1769529736.mat	237	a029136540ff76105f81acf1d933603f193e486fc4b5f4d7e6e79af4265ae657
multistory_corridor/Power_data/with_ris/power1769610238.csv	19	5e47c0bf5f72981be00ff21644108ffd196c1dbff5381bde0add5cec1a505b7e
multistory_corridor/Power_data/with_ris/power1769610238.mat	242	3a4391aa9f75e14a333731a083662b443df3a0b127c7e87da20bedfa62b3903c
multistory_corridor/Power_data/with_ris/power1769610457.csv	19	a6dce0589fa739ea54e6b93115138d6752f83d481c8a9183d6692122eb717b93
multistory_corridor/Power_data/with_ris/power1769610457.mat	247	8eb79a1c417fab5512edcbe599f7c0eb5b94cb45f3885b67f68e3f8d3ffaab5f
multistory_corridor/Power_data/with_ris/power1769610645.csv	19	f91c420ba6e362889e46422203345feed40a8a9a065b3a07cb26716b321bb273
multistory_corridor/Power_data/with_ris/power1769610645.mat	251	d891fc09a305c5acecf72a9256bd1e9c7811ec4318f02335c43cffbab0dd1b2f
multistory_corridor/Power_data/with_ris/power1769610823.csv	19	406740db8ae7e67d47a4e123f301664a0d9f5ea3fbd21fac3a21244b403b3b18
multistory_corridor/Power_data/with_ris/power1769610823.mat	244	6d6fc32c587d6da168ab38f511cf3b2d0fd6e1521d66ea4bb5c1091ac8960b70
multistory_corridor/Power_data/with_ris/power1769611016.csv	19	532453d3b7532f16d7fc540cd2710882105a971e8874fa3a52c009ca312e0c5a
multistory_corridor/Power_data/with_ris/power1769611016.mat	242	2a931b77a3358db4b9db9395181ba1aca5b5fc731a2d48d076eba6301ffd9b06
multistory_corridor/Power_data/with_ris/power1769611203.csv	19	7b39febc0662fbfbba44ecba713bc522aec67d53cbf56f4ecc39b042bcf8783e
multistory_corridor/Power_data/with_ris/power1769611203.mat	247	67ae4518d0cc605f61ede04bc13a1a48454a4c6acacaf172c9ee1c620d58b57a
multistory_corridor/Power_data/with_ris/power1769611383.csv	19	2fdda50e5d7b1a11fbe0c9fdbb1e97a1db4f9e9163fe4a7d3bdf0e37797be391
multistory_corridor/Power_data/with_ris/power1769611383.mat	245	fce332fab742f10152085b805f20a7d9255cbbee659f3c88284ca963f4414e98
multistory_corridor/Power_data/with_ris/power1769611626.csv	19	3557408abd47515a7ad8127887d364ea4a6390cfe12d31498e2ab2fabf971e93
multistory_corridor/Power_data/with_ris/power1769611626.mat	246	c457e4181ff9ed8f6909574832c8728679c3e439a8c2422f241e8b3c5db04267
multistory_corridor/Power_data/with_ris/power1769611778.csv	19	7ca322b47e1c37eb833dbc54f970eed23cd4796b31645beeddef8feceaa4548f
multistory_corridor/Power_data/with_ris/power1769611778.mat	240	2aea5732203e248ba8de27e8c9169c9ffd97d3aefbae7f7781dbee07df4f84d9
multistory_corridor/Power_data/with_ris/power1769612007.csv	19	c1ed3b78e02e0cae8a415934d77b9829e85b51e63c757b589d4de5cbf4a0d10b
multistory_corridor/Power_data/with_ris/power1769612007.mat	246	f60a10c7018ae7974ac54f4bca3c135ea16c44a51b1f1d477276c79b5d0f1839
multistory_corridor/Power_data/with_ris/power1769612190.csv	19	a9875f8891f0c5f092ab1ca97af98904cd2f94bf2d420f6081cbe9b38e9dbd8d
multistory_corridor/Power_data/with_ris/power1769612190.mat	242	4a88cc16c5dfe8d043ce4c08996ed8b57a929f74c87de3798857e88376de55e9
multistory_corridor/Power_data/with_ris/power1769612402.csv	19	2261f3e9ea972968d094a3b41a3b97c5da3e28cb67d0bbf77d310d3617b495d4
multistory_corridor/Power_data/with_ris/power1769612402.mat	240	292b97c31811d64182e8da310fb67fe8f43a72f821d615da1860b60c2ba66fa9
multistory_corridor/Power_data/with_ris/power1769612598.csv	19	9f71c8d6be26803671d943fe08982f47b4584cf13e8d7fa2ca3c67588973ad11
multistory_corridor/Power_data/with_ris/power1769612598.mat	249	5f2b43c90ec62b3fd6bb1c37579b2cfa7e41be451427c475ceebf5205d0f2848
multistory_corridor/Power_data/with_ris/power1769612787.csv	19	fd21e1ba9e3718b2adf45d61c65746002f16a14943711fa929afd1a5a725c8af
multistory_corridor/Power_data/with_ris/power1769612787.mat	247	f1b0a33628fd71a4ca51f881b91c2705d53d65813d8c0a2a83ba29205ae2fb50
multistory_corridor/Power_data/with_ris/power1769612977.csv	18	5d315480625e9f3fe97f8239139482e78ca0273a79530ae9ee9fc637aa5bcde1
multistory_corridor/Power_data/with_ris/power1769612977.mat	247	e07f28649bac64cfa12ad2ae79fbae82924b3e7e87e910e5682980b3a6ad1cf8
multistory_corridor/Power_data/with_ris/power1769613175.csv	19	30abbe646ea684350cc507e777b6b428fe31a75ea241a25d7eb1ccef92935540
multistory_corridor/Power_data/with_ris/power1769613175.mat	244	6e8f93f148f7729966216dfe965abeaa7b260a6183f08fd82634366740000768
multistory_corridor/Power_data/with_ris/power1769613422.csv	19	366efa291a82284c83784ba6a5b10a450613a5e49d4c77c50ddadf6f43d88552
multistory_corridor/Power_data/with_ris/power1769613422.mat	244	36c49940a45298853e0665d94f9a0fdb846b8e0ee3e819319d8d3556ae0db51f
multistory_corridor/Power_data/with_ris/power1769613616.csv	19	09a4f6f55f30c5b2bf34b1dca4d83b4cb51d6103a031e2ef00e6a0e8fca87d86
multistory_corridor/Power_data/with_ris/power1769613616.mat	237	48c1d2200f7e5527d53c7dd7f2a681535d480f3d4ee7262f0d53cf913d418520
multistory_corridor/Power_data/with_ris/power1769613845.csv	19	f5997c89b36a2fbbeffa0004be5c45eb154ef4efd34fa2379fe3bef2b6aae039
multistory_corridor/Power_data/with_ris/power1769613845.mat	245	d40016dc1aceddcfdbc1de59c4b3ca65d6c219f17d2b23bcebebb3832b113ea0
multistory_corridor/Power_data/with_ris/power1769614048.csv	19	56cd106626a4914d1d666d7bef545f87c1bf0a396811faed624e582784d934ab
multistory_corridor/Power_data/with_ris/power1769614048.mat	241	7c58818c480eb825119becb5b7756926a14aeff9a40c80d5f4c6493f01727743
multistory_corridor/Power_data/with_ris_sim/power1772198724.csv	27	a25587eb247fbb62aead74d7190401cfa1c36479210d78725e858b1f9cacb021
multistory_corridor/Power_data/with_ris_sim/power1772198725.csv	27	1c32ceec2036501cbdfcd44f45994a0e9dd30fbee7996c5afc06b6bd20446bd9
multistory_corridor/Power_data/with_ris_sim/power1772198726.csv	27	ad90d6c556865e881cc6c666f7e70f38481e7edbba3953ef19a5e10e9c4614a8
multistory_corridor/Power_data/with_ris_sim/power1772198727.csv	27	bc7bf76bea1441a576e0f68bd86dc68a69c5ef8f1d358dfaa3dc197770074914
multistory_corridor/Power_data/with_ris_sim/power1772198728.csv	27	63a2b0cafe55ccfc426c6f5a650cf75d2ed45f5e410931a0388f0af4729cb67d
multistory_corridor/Power_data/with_ris_sim/power1772198729.csv	27	676ff5545af43d8ccb4417e35d1b05bf4c12b1c7291ea6cbbc298b304082926d
multistory_corridor/Power_data/with_ris_sim/power1772198730.csv	27	4799d96df3c0584c618f1faa0de2a3d1f8efa60c3499a87c178f9fa9d5ab4102
multistory_corridor/Power_data/with_ris_sim/power1772198731.csv	27	c67ac25b3d10b9f04d707e4b929b271ea026e6483cb49b267de1b89b97b8b211
multistory_corridor/Power_data/with_ris_sim/power1772198732.csv	27	959efd882bfbc864225cac6b34e3dd32bd877fef9629436ec4ec39e0cb0fd5ef
multistory_corridor/Power_data/with_ris_sim/power1772198733.csv	27	762cf49bafcf75f7b5d2b52bb9b8b45fb6b2bb975436a9d6c17eb815bc9df620
multistory_corridor/Power_data/with_ris_sim/power1772198734.csv	27	6f547846f8ad397f08ed964e5e8c7a43c9dd547562c27700d30d43739cf47035
multistory_corridor/Power_data/with_ris_sim/power1772198735.csv	27	606083748f44f53baf9c51328206a18cdd940edd0d7a08afea4a69be5e6d255c
multistory_corridor/Power_data/with_ris_sim/power1772198736.csv	11	c17c37c941de3628c0b97984697908bb90e46682c6c6a0658ba8d9986a318809
multistory_corridor/Power_data/with_ris_sim/power1772198737.csv	11	3276acb584889a013826c9804398659ce42dbe2aae58acad0ec57b50440cf739
multistory_corridor/Power_data/with_ris_sim/power1772198738.csv	27	6a120b8e969c6f73ed2eaac8a381e72667a3779b9b3143e395b09cc1c0fa0eb6
multistory_corridor/Power_data/with_ris_sim/power1772200457.csv	27	5920cc6dc3a9e40e0c8fbaae3b38b2373708fa77619b30e34a8d39cbf2da6d31
multistory_corridor/Power_data/with_ris_sim/power1772200458.csv	27	603df58cc5bcb45d7cb6080d574dd141d3a572dd5252507a6a0433ed28164483
multistory_corridor/Power_data/with_ris_sim/power1772200459.csv	27	731e48bda6de2865f89fae3eb39f5780b676c2ccdc54eb6f5f1d9d34c578ed79
multistory_corridor/Power_data/with_ris_sim/power1772200460.csv	27	0900a59128ca5cb44709dccefd1ffe42f66ec9bb5ad0c961565b303b7c5069bc
multistory_corridor/Power_data/with_ris_sim/power1772200461.csv	27	d7218c29893a4409a0c4aa57871122d282997e5ec0f9ab38f9bc2678de8cdd8c
multistory_corridor/Power_data/with_ris_sim/power1772200462.csv	27	32bc97bd654a60c706d88631e7566c095a6baa50c41c6de9d4ca81cf03d6584e
multistory_corridor/Power_data/with_ris_sim/power1772200463.csv	27	9784b9f04dd16ebca66e213d58aa6e5a9f9441c0ca4250b29eed22fb53dde6a3
multistory_corridor/Power_data/with_ris_sim/power1772200464.csv	27	6bc40a27007360cadf4d37b1a19cf6ecfdbdf8737cea99576c63920d891e30c1
multistory_corridor/Power_data/with_ris_sim/power1772200465.csv	27	20ec4006db46014a9536847fff30d0ff5bdb193b48575fd751ed66147983e4e6
multistory_corridor/Power_data/with_ris_sim/power1772200466.csv	27	abc9ddf3cf9fb79c8fd0a989b58d7d70b139ecdecb003cb4f02c8786001ba465
multistory_corridor/Power_data/with_ris_sim/power1772200467.csv	27	763c03629882ffcf0ee29df0bba2fdfdd673eeaeeec5ee39d6d84be8fea30d6f
multistory_corridor/Power_data/with_ris_sim/power1772200468.csv	27	5856a57f2b61a8c611b40b920d2b400efc411d3c5402b3917190dace6c18df27
multistory_corridor/Power_data/with_ris_sim/power1772200469.csv	27	25f41c4b63d4fd629f0517522b64028a392b15c1bb2a6f43077cbe2963bdbad3
multistory_corridor/Power_data/with_ris_sim/power1772200470.csv	27	a5efe7b3eae024ae1a15c3993761abe0df81ed3eb32d74ba0696a49f0ef70668
multistory_corridor/Power_data/with_ris_sim/power1772200471.csv	27	48cd8bbf532cd99732dea56a97fd463617a7cdfef1252f5e1abb2b2529164f22
multistory_corridor/Power_data/with_ris_sim/power1772200472.csv	27	f0d79b0c9ff36e85cfe54bd9864b3588723e24fa69da5950c9e9219d08ac6a4d
multistory_corridor/Power_data/with_ris_sim/power1772200473.csv	11	73451a5787a53af43937346c9f03ed7ae69f42114490fb6947e0042f9ff95da8
multistory_corridor/Power_data/with_ris_sim/power1772200474.csv	27	7a79b997538bc29e6098e2a717bcc668b6ca9d5a41195c8a0d4423353fe8bb83
multistory_corridor/Power_data/with_ris_sim/power1772200475.csv	27	63091caa71d06e479459b44ee570f67592105b3163611fc7b2e5fa2537413a6b
multistory_corridor/Power_data/with_ris_sim/power1772200476.csv	27	e4e285c2b49f1b3282aa3b27d7d3c67913c22a62ce5d0d6bc7a81323b6f32de0
optimized_codes/scene1_area1_coding.mat	394	9fba5475cf1318b88e32f87b1a3b0a4b00724586d256d24f850e1ed27f1396a3
optimized_codes/scene1_area2_coding.mat	395	d4a14267c7a0170d74da5de05f1321d3cf6f7c6bfbc599b05c3625d911ab0dd7
optimized_codes/scene1_area3_coding.mat	366	78500b77b67483b5dcb2091da2d4cd71482a3bda8057d7d58304012149964922
optimized_codes/scene1_area4_coding.mat	386	df70db0c660eb1dd4a29709fb359caaa6dbe5306ac530b264e793c5fb101a3f4
optimized_codes/scene1_area5_coding.mat	383	2ecfbf62db4453dfcdc4a254ccdf61fff864628d1200be7f787e83cf3bea2123
optimized_codes/scene2_area1_coding.mat	245	8f05d7790799a9bd61cfd4530e04f1358e4ae27b372ebad0acfe65f854f13c5d
optimized_codes/scene3_area1_coding.mat	232	a1089f47b545c433ace58246feb883429c487ec0b71b3ad368b15e33a92aa97f
optimized_codes/scene3_area2_coding.mat	237	6ff215c43ce0d15e2435515d1996d083eabf1aba1d52f29c7eb7261da0b39588
power_maps/scene1_area1.json	41838	e05545b35c505f85854f219fe8c78f047d0424ab845534e7908d5d86881480eb
power_maps/scene1_area2.json	41877	d3c6b0ed3bbf1eab87ad67e01622382fadddadecb386d357c045a158e9072ebd
power_maps/scene1_area3.json	41759	202062a0dcb6b4a19c1acbac0241556874f7f1fff296707aa9adad03f74d10d3
power_maps/scene1_area4.json	41643	901993f712f4b777b4db06a636cd7d7ba6bcf686f696dbe079f81c2b68dfe1ee
power_maps/scene1_area5.json	41936	c18d964d4f3244ebfacec574545d78afc5366f0d90d8c4e8442eeed4343361a8
power_maps/scene1_noris.json	40204	652cd284fdc44a2c656189074d26f52bbeb63008b4046b81e41ceafab4731dd2
power_maps/scene1_point1.json	11484	13a408786d2c07b37733688ed22ab22e0210dae9121fd821f6d745832c719493
power_maps/scene1_point2.json	11494	3da15c112c530d012492a9be81ebc0082e7d050a0c51a8be479f1dd07f1c5dff
power_maps/scene1_point3.json	11494	6b905cc573f3d51e8bd1fbc2fecd050d931aa388d734f764e67e7f04a2b8c3c4
power_maps/scene2_area1.json	65126	50a550a3719b837a7fb228cc4b19dce43a977c0d817a343dcc736944d42c5bff
power_maps/scene2_noris.json	64734	d2c79da52018fc4e6c6e56fd90d94ba11daf17754ed37e4885e4358870b471f2
power_maps/scene3_0.json	172378	14b8ed9d87de179b8b737b310983fdd413f1d5ccef8a62e722fd8da728ba7efb
power_maps/scene3_1.json	172363	5846d12996167d4844e728671e3b48ceb8d08e2c767721d58d00265aa2c1e3c5
power_maps/scene3_area1.json	295965	c0e7292cf2e8ebfb484fbb0f68fe5933a37aae5d35eec93abbcfe359e8dc976e
power_maps/scene3_area2.json	295920	3eca9d29bdafe0bb10179d4142a4c56007afd1b469a2f61f6fdb5752ffe5864e
power_maps/scene3_noris.json	295985	f2093b707b2e41e2d133f1f1fb232829a3f70d83431c6e28db65cb2b2041bb49
radiation_patterns/scene1_area1.mat	101088	760ea5c0b3e9c943df0b66f932c4a599b47ff69dfb910b63aa18ddb3bc5ed3ad
radiation_patterns/scene1_area2.mat	85997	e333b8830e7cf0f4d91aa2d0e2a2e4308b95b83f0c14a84efce04531eeb37539
radiation_patterns/scene1_area3.mat	85992	94f092f73638ddb3659e6bc5c2f236db3abd346b92615faab161e9de27c7419f
radiation_patterns/scene1_area4.mat	85975	dfd5440965d04efb76eea74baf1617f057d034e9abee44c7cf1545c539ede579
radiation_patterns/scene1_area5.mat	86009	f58eb145497d52948cbea8c31252fe7c2e19149c30052bad81e2bc9f38718b37
radiation_patterns/scene2_area1.mat	66251	447cbb4c56da1fd03e2f516844b95c3c2ed7d7da080721d177f8fd06b0c58b99
radiation_patterns/scene3_area1.mat	66974	13ac865b2924fe417bfe53128e9c87fd935cb2773c63798e116ea64fc4e46c84
radiation_patterns/scene3_area2.mat	66907	7ed7fe9771b6831aeeb686aae4c39647adf2c2830c01a871b9a9608147a455ea
README.md	2452	2038f92e101c8ef14646f4654a789cbc83f533894cd4c3081849bdfa33911fac
residential_apartment/BER_data/constellation/data_with.csv	40530	7edc3e5a7284742ee510e71ca3000ce181965463e1ad09eacd0c462858b49624
residential_apartment/BER_data/constellation/data_without.csv	40508	12762a89990b4f7506d7f3674c4f9f714662b582ea5f30c5fe347ea97cb3dba1
residential_apartment/BER_data/no_ris/data_20260209_094740.csv	86	e3a14c7856059eec09307d64f5f65d883273a5c25e1f50a86206c08be7bd67cc
residential_apartment/BER_data/no_ris/data_20260209_094818.csv	86	b4b7b422abaa48f05fcb61824dbddd2f296b80ca211d68d599d0b801bcc6b5a8
residential_apartment/BER_data/no_ris/data_20260209_095145.csv	86	ff78ac82541bfa5937e9c2e381fc6889ebc995fbbe636489dbfe6b2ade43eed3
residential_apartment/BER_data/no_ris/data_20260209_095418.csv	86	016f4cb6a3ac0621fae07215dcdf92f5cafabbb9c6017de63c6e011fa3da88c0
residential_apartment/BER_data/no_ris/data_20260209_095432.csv	86	aababa6c3ad03a01d1bae25103cc8cc25116e3f03704bb0f68262021d2989f7a
residential_apartment/BER_data/no_ris/data_20260209_095452.csv	86	608a417807176f07be362e1d289df00aacba683cebec36cce53c2e717f3cfcb8
residential_apartment/BER_data/no_ris/data_20260209_095508.csv	86	f28cfdf03c2ca4fe5361e5cd8f2262745ac6f5e82a881a343825d1823be638e6
residential_apartment/BER_data/no_ris/data_20260209_095521.csv	86	24c468d7d374e3a561a9ff240eadd2753249898882ea86a29f28974b54ccadc1
residential_apartment/BER_data/no_ris/data_20260209_095538.csv	86	d6cd9bc0af978c8342b5a70455aa0d18cc48a934f883547c622ac83a07a80734
residential_apartment/BER_data/no_ris/data_20260209_095558.csv	86	458e4e3c4a9f3faa150862b34782d5a7c0f42325b69470f6e6414cda942f58ee
residential_apartment/BER_data/no_ris/data_20260209_095634.csv	86	a4df9de58d59f16b4c6ae8e866f9b3b26f1f3d16c6216a1e5f22ffdb744651c3
residential_apartment/BER_data/no_ris/data_20260209_095647.csv	86	2aac9ba26d76ce25b5f267af764c4e3db4838384052d12706deaf383fa910dd5
residential_apartment/BER_data/no_ris/data_20260209_095707.csv	86	607da3104d7246489913230ed8b171aae3f598f85e3a6568e734de79f1ffdf6c
residential_apartment/BER_data/no_ris/data_20260209_095723.csv	86	b98b127b39ab9b344d7a3f18c4dde0806ab5eaad7ef66f427b22e54df5bca778
residential_apartment/BER_data/no_ris/data_20260209_095738.csv	86	6b49d4976d7ef0cdfcf3564a434acfb74ab7eb02c13ab43c7763d31bc5991882
residential_apartment/BER_data/no_ris/data_20260209_095749.csv	86	b072c9f809cb28c90494fa3454e9dd6944633a5621f57344e0eeaab102810f81
residential_apartment/BER_data/no_ris/data_20260209_095801.csv	86	8f70b84b6dcd0a36f58efaef8f4de09b69e4b862c0fc8ef591f9e3b49b904047
residential_apartment/BER_data/no_ris/data_20260209_095816.csv	86	8e89eda1d340375a1ce8c913e99a22a60f9d8be42e36e0fd1ccc6b90cf0055e3
residential_apartment/BER_data/no_ris/data_20260209_095833.csv	86	a0a9cdc4847ffbdb04a99710a4a24425a24f524037fdb203c936bd434ca3bf00
residential_apartment/BER_data/no_ris/data_20260209_095848.csv	86	ec21d146a6ece5c3cb27b3d494fbf575c025207b9a1c7e12f3b271bdc596bca6
residential_apartment/BER_data/with_ris/data_20260209_105507.csv	86	803e7f4b24d1956b44acba1fad379f60f665fe4244f7d2b616867ac4239782f1
residential_apartment/BER_data/with_ris/data_20260209_105523.csv	85	918002ad5d93b1e1c132443dd7af4fc879b17ea64c4a3e934924d65f4967550a
residential_apartment/BER_data/with_ris/data_20260209_105541.csv	85	85d3f831529f0daa270c0740de84c174ced6ea5f4328fa730eaca8dabf6cf0b5
residential_apartment/BER_data/with_ris/data_20260209_105554.csv	84	5ddadf82b7d215b95075550fe9c05c6cce7d0f8ef9725b876adf85a3196b2256
residential_apartment/BER_data/with_ris/data_20260209_105748.csv	86	7779f852af06d3b9e51c971fce2062c697483fe29265bff0a93cd2c7dfa02662
residential_apartment/BER_data/with_ris/data_20260209_105801.csv	86	bea5bf33f48b5cfd61fe511cda8b75860017bd84bf0f2fa1b774106f6ab6e20d
residential_apartment/BER_data/with_ris/data_20260209_105839.csv	86	16d87b7e61d8aecbe571cd6312f390ada195cf0bbc62fc4a76a8ea870d25b6f3
residential_apartment/BER_data/with_ris/data_20260209_105854.csv	85	be62ec1b2269dd610ae89c82fc2db0f2573ca6d359faf92c9162fbe5041c7747
residential_apartment/BER_data/with_ris/data_20260209_105913.csv	86	d2051e3f49eb1d19a7ef5e20654f54768036167cac875d782e388a8ddcb5ef9b
residential_apartment/BER_data/with_ris/data_20260209_105951.csv	86	4d4a745534a7749935e1142cbc54f87206e0ce1babba06d3164793f13f3d9fb6
residential_apartment/BER_data/with_ris/data_20260209_110002.csv	86	97fe31542406a604356b98228ee7f39354151bf8495e0f5d1972da2a148b8a2b
residential_apartment/BER_data/with_ris/data_20260209_110024.csv	86	0319e371c4babecbb7601a8639d3de7aef4c0a87b5b9b0ff2b3a9d3ea6d15141
residential_apartment/BER_data/with_ris/data_20260209_110030.csv	86	90643125fe73ff39168c58ff88b33c5aa3a7a62b9c735eeb3737ace0fdd977e2
residential_apartment/BER_data/with_ris/data_20260209_110058.csv	86	79c27ef7e28a18dc60c8b599d0ef2559152e4c13fd1b779358300318ddf81d84
residential_apartment/BER_data/with_ris/data_20260209_110108.csv	86	af8af59e7e586e3e44e546805a51b0d169ce6bda6d1df2588ea6228dac6762d9
residential_apartment/BER_data/with_ris/data_20260209_110144.csv	86	6ac97a550f5ceead37803dcb7f3774ade8ed6a3b298350ce943c1cfa29d9c071
residential_apartment/BER_data/with_ris/data_20260209_110307.csv	86	1ad9767a39f9c2dc027575fe1be43eb666391a7c1da19c31ef6a2872159f5b22
residential_apartment/BER_data/with_ris/data_20260209_110347.csv	85	a0a0e6c089fae30696d6ad13da4b5470ee9af72f67e997d38d9fc1037bda6a1e
residential_apartment/BER_data/with_ris/data_20260209_110404.csv	85	5bbfe6f6705816932ae6335bca3dd80b4c849cacf8338e5a4bc0937e0631121c
residential_apartment/BER_data/with_ris/data_20260209_110513.csv	83	1ecbf24a130fea294197aedd3847ce0490459f8154aab9c7801cfa3441a1a875
residential_apartment/Power_data/no_ris/pzsdr_qpsk_receiver_20260209_094740_summary.csv	65	02be5380901a3cb06bb1a02bd2663c77a9e7ba029e6aa2f0a91f9a00573fd034
residential_apartment/Power_data/no_ris/pzsdr_qpsk_receiver_20260209_094818_summary.csv	64	e0202c254406ccfc2a75cfb2c75e34cda041493da7b9c7ef87ab09964af3866f
residential_apartment/Power_data/no_ris/pzsdr_qpsk_receiver_20260209_095145_summary.csv	64	9246df4a6ba373b44b695182e885254ac29280bbc93edf060457c430a1131982
residential_apartment/Power_data/no_ris/pzsdr_qpsk_receiver_20260209_095418_summary.csv	62	0be715639ac96c55484ae778d2a834b5f504e29751d36e3f639e6ebb76754bc3
residential_apartment/Power_data/no_ris/pzsdr_qpsk_receiver_20260209_095432_summary.csv	62	83f25920e3400fcabc64deea8189814ea0e0bd7dd7130695163ec1016829d8a4
residential_apartment/Power_data/no_ris/pzsdr_qpsk_receiver_20260209_095452_summary.csv	63	b319e5090d209f339e0d28c806155044a20ddf1026683410b847010e7181789e
residential_apartment/Power_data/no_ris/pzsdr_qpsk_receiver_20260209_095508_summary.csv	62	3dac6ef5b0654164cf1143bb315ac7941b7c48560b433c2e0983de3c8913766d
residential_apartment/Power_data/no_ris/pzsdr_qpsk_receiver_20260209_095521_summary.csv	63	9207b61bdecfc6447a673e87a807c0e18a7f17701c4d0fa3eeaddffa0425ae97
residential_apartment/Power_data/no_ris/pzsdr_qpsk_receiver_20260209_095538_summary.csv	62	45560d4083ef0e4b4d6e0c96306315982cced59bdb6f9fdde964f7a2d773e3c7
residential_apartment/Power_data/no_ris/pzsdr_qpsk_receiver_20260209_095558_summary.csv	62	0075311497d17c6d7b47f9a4e80600a4c099c48f484e38a8f44d3a3fc0de5826
residential_apartment/Power_data/no_ris/pzsdr_qpsk_receiver_20260209_095634_summary.csv	63	7a940eb9fe936c9db27c775cff20ab6e3ff0f8fd7b08d2fa3149b6977be865cd
residential_apartment/Power_data/no_ris/pzsdr_qpsk_receiver_20260209_095647_summary.csv	62	4c77bc45f0b8c0426f21248ed4c101fe315551699e0c86d429e6b92e722690c1
residential_apartment/Power_data/no_ris/pzsdr_qpsk_receiver_20260209_095707_summary.csv	63	706a18674b750b0245467e98d7bcc88af384779836ff3b695400e018d4650659
residential_apartment/Power_data/no_ris/pzsdr_qpsk_receiver_20260209_095723_summary.csv	62	40b1efbe335e061928e7687b9f5509913be27e8fead412db1742ad9bf1130ab9
residential_apartment/Power_data/no_ris/pzsdr_qpsk_receiver_20260209_095738_summary.csv	62	60807f44d67d0feccae2ad6d0de56d55d726b1de3b6f356db254e7e1cb253b7e
residential_apartment/Power_data/no_ris/pzsdr_qpsk_receiver_20260209_095749_summary.csv	61	f54098811267cf647cfd9dc8aa6fbf6f779c8eb7591b0c34361a5e19ca8dfb1d
residential_apartment/Power_data/no_ris/pzsdr_qpsk_receiver_20260209_095801_summary.csv	63	3cf014311190d387818137fbc07ea12f53a98852d0f82bfc02ab3644e9c202d6
residential_apartment/Power_data/no_ris/pzsdr_qpsk_receiver_20260209_095816_summary.csv	62	241025922ef9c61f251243abadebd44e85a8fb1134770e45c9bf50061d4bf0da
residential_apartment/Power_data/no_ris/pzsdr_qpsk_receiver_20260209_095833_summary.csv	63	409930cef5a3399682f85a14799672048439f779a62c9237d7cea051fae318b3
residential_apartment/Power_data/no_ris/pzsdr_qpsk_receiver_20260209_095848_summary.csv	62	dc9ac385f46b59d2d944be9203c5c5e1d46a829c924bf5e53251b520251ba4d2
residential_apartment/Power_data/no_ris_sim/power1772252566.csv	27	e764c01c5213185c667d829d42abdbc73775217f46f72bdfd3f04d9af1f3283c
residential_apartment/Power_data/no_ris_sim/power1772252567.csv	27	43ba4002022e32aeace56e9437a003c885e03b3be3c1407a841d5268d8575dce
residential_apartment/Power_data/no_ris_sim/power1772252568.csv	27	8d20b3c738cbf8a5192c946e4a7bb7dffaae40e4a1a12d5b67ba4e60130a49f5
residential_apartment/Power_data/no_ris_sim/power1772252569.csv	27	8de6d1b66013cb78b4618b14c82afbf1ee91be7fed538d52b5252c40a9a670c9
residential_apartment/Power_data/no_ris_sim/power1772252570.csv	27	57b685a8816e5c411b0570fd675466cc938ab6fb4ec2c0275361a1f414e2de01
residential_apartment/Power_data/no_ris_sim/power1772252571.csv	27	f209f466fa41ac5b9262fabac056bf67d16f5a706a1d6d72cba70cdc700a65d2
residential_apartment/Power_data/no_ris_sim/power1772252572.csv	27	d90ccd4a423b921b2d064aaf8bf7ac7958bcefb662999233699eb77d10f7b729
residential_apartment/Power_data/no_ris_sim/power1772252573.csv	27	be3989fd7fcf470068f95ba3854888e2d960bddb52f6f4b61c0e00196e3bd4e5
residential_apartment/Power_data/no_ris_sim/power1772252574.csv	27	2c3721d691678595e6a15a49056cc5d6a9a8d15d1028648b0677656fec43ec0a
residential_apartment/Power_data/no_ris_sim/power1772252575.csv	27	bcbed3f8fd7c5f22b958106b10be6694e5c9dd63ed2dc01a63c7f2291c388c5e
residential_apartment/Power_data/no_ris_sim/power1772252576.csv	27	b895840fc3327f7ec25c1d0abed1d2b8e572991a660d6cbfecfb94df96d0efed
residential_apartment/Power_data/no_ris_sim/power1772252577.csv	27	3b24854133627c0e13171fbd982429460271e11d077dbd2b88f3a5556d3eb08b
residential_apartment/Power_data/no_ris_sim/power1772252578.csv	27	cfd25f02d9ac83809a43d2e91688aa95b19379936daba5d75c7bf45537daac42
residential_apartment/Power_data/no_ris_sim/power1772252579.csv	27	e85ed5efa39f627af1a394ac8d082713653ef64674d96c817e9e1359268d90c5
residential_apartment/Power_data/no_ris_sim/power1772252580.csv	27	0b5245d5f8c9a2bbc9fce8bba8529a601aa491147e2036e0483891d19af00f05
residential_apartment/Power_data/no_ris_sim/power1772252581.csv	27	b9ab81ce3e8a3f739ed57359beda54fc8a483d1c733b5f22018fcd6801b5ad61
residential_apartment/Power_data/no_ris_sim/power1772252582.csv	11	2e560626f2f83e9b136fc3dff9dc667c25666e5bc32516d986cf5054f35748a8
residential_apartment/Power_data/no_ris_sim/power1772252583.csv	27	e2679607bb4a0889e067b25adc506ef21e99487af750eae83fe03679f444578e
residential_apartment/Power_data/no_ris_sim/power1772252584.csv	11	e7187079a43bfd6062dd40334e44b02f162492f86f28e36afc2968fc019f8988
residential_apartment/Power_data/no_ris_sim/power1772252585.csv	27	4a520eaa2d2c2d420036e00cd2e0d49e6c21231492c3af0be851366ce27447c3
residential_apartment/Power_data/with_ris/pzsdr_qpsk_receiver_20260209_105507_summary.csv	62	88136cb9dee991ac69461f35cb4a90b9d774ebb8582129e9703ca8ba1d99b4dd
residential_apartment/Power_data/with_ris/pzsdr_qpsk_receiver_20260209_105523_summary.csv	63	6d818e0520d17aecd35887ca322109cf96df9a9084ec4e1811cb924a40496559
residential_apartment/Power_data/with_ris/pzsdr_qpsk_receiver_20260209_105541_summary.csv	64	0b0c5421b97e5a44ae9250a20250a5b5e7a93d959c529254bf7eec4be2563d19
residential_apartment/Power_data/with_ris/pzsdr_qpsk_receiver_20260209_105554_summary.csv	63	1fec15a40465c80481f86792be10fc3ab2b3d72e2b0d4c1c6ee4c76e2eb8bec7
residential_apartment/Power_data/with_ris/pzsdr_qpsk_receiver_20260209_105748_summary.csv	63	b0f487a77adc9dfa0e69c6fe158bca8468c6ba317d3128ae8195a034d7ba9a00
residential_apartment/Power_data/with_ris/pzsdr_qpsk_receiver_20260209_105801_summary.csv	63	4eceaa903f3d871e2205f8a2c1ba05b3d0e37c35bad5fc10e96a71ab6dac6831
residential_apartment/Power_data/with_ris/pzsdr_qpsk_receiver_20260209_105839_summary.csv	62	30b04f9c2deb90ec8c24708fc1bcf86ab765cb242b7708086c488342912ad6c1
residential_apartment/Power_data/with_ris/pzsdr_qpsk_receiver_20260209_105854_summary.csv	62	c462fd3e31a3c1d70a9dfd56015f0a93dab36db0315b69e2db91c02f22be5442
residential_apartment/Power_data/with_ris/pzsdr_qpsk_receiver_20260209_105913_summary.csv	63	d9bb588dc3c2ee93e681046cc2bed512d5bfd75d53567ac684cd7578a76b8967
residential_apartment/Power_data/with_ris/pzsdr_qpsk_receiver_20260209_105951_summary.csv	63	bc4d9e96000f679b4509cde8161741fb4d33fc33e2c62055d2ce2f392009622c
residential_apartment/Power_data/with_ris/pzsdr_qpsk_receiver_20260209_110002_summary.csv	62	a7be4a67f491fcd39a2074df9970da188a6c7dd2e29ad50baf547a1698b54d73
residential_apartment/Power_data/with_ris/pzsdr_qpsk_receiver_20260209_110024_summary.csv	64	415f606fa65c0b0daded97f38b1ffd022344e4b3ea23a327dd12bff5d428e7e0
residential_apartment/Power_data/with_ris/pzsdr_qpsk_receiver_20260209_110030_summary.csv	63	7e481a267a17a0f9f2b50efddf81d36a420b6aa0a7acc72c22c302e5b301d18d
residential_apartment/Power_data/with_ris/pzsdr_qpsk_receiver_20260209_110058_summary.csv	64	31ec0ede64830deed3c6573f3ad1ed1e7b316ab125f0c5f5b37a5f4ca28e108a
residential_apartment/Power_data/with_ris/pzsdr_qpsk_receiver_20260209_110108_summary.csv	63	6af876d64a593c95a430cec6f736ed9e87acf6c0e99c7784e9734de7d74d8a1e
residential_apartment/Power_data/with_ris/pzsdr_qpsk_receiver_20260209_110144_summary.csv	64	9d19201b24c7aeafb4cb7fd6675888b2030b10219b8559a2e6c02b90cfcef383
residential_apartment/Power_data/with_ris/pzsdr_qpsk_receiver_20260209_110307_summary.csv	64	47a7a1e205bf1193d597e7ac90010ffd2089aa57cab39873cba008a52ee3988e
residential_apartment/Power_data/with_ris/pzsdr_qpsk_receiver_20260209_110347_summary.csv	66	0f5db1e87988dbde2168ce4b1c06c71c74b4eb86f4b023d30dca5c9d5837c4f5
residential_apartment/Power_data/with_ris/pzsdr_qpsk_receiver_20260209_110404_summary.csv	65	8366a640d30b6d1b01918a88baccbbadf0991431b4d370df9928ae11bf3967db
residential_apartment/Power_data/with_ris/pzsdr_qpsk_receiver_20260209_110513_summary.csv	63	8ddcdbb8e01a3ef03cee14ebc4c34c98998331a7b3b04072422cb58a806a189b
residential_apartment/Power_data/with_ris_sim/power1772252512.csv	27	45552f5ff4ca3bf50cad5ead449293b7426b5f64da89560fe003c9e48bf53cd9
residential_apartment/Power_data/with_ris_sim/power1772252513.csv	27	4f5623e106cab8f6dbca8d80c20bcd52c3b5338f7839fbe1339470564efc0918
residential_apartment/Power_data/with_ris_sim/power1772252514.csv	27	a83daf8e07663ff56b7f8a51263f5324a9037e1839418dcc2d348a557ac523f1
residential_apartment/Power_data/with_ris_sim/power1772252515.csv	27	ed6e97b9dfc857f29babcb0cf7a3da0eaacb6f67a5ab8640d2dcccf7cc7dc018
residential_apartment/Power_data/with_ris_sim/power1772252516.csv	27	9190de63f82917c38672772a37ad3d513412a957f1623cb25b57be07ead2be5e
residential_apartment/Power_data/with_ris_sim/power1772252517.csv	27	2f0add42c9904a07eddf7f536e99e18aee9ed86f6f57f8320cb14ea816d1ddf9
residential_apartment/Power_data/with_ris_sim/power1772252518.csv	27	5a8d3624e82051a888c09ea90fe73759cffce8261848edeb173c6d1b0f1c813e
residential_apartment/Power_data/with_ris_sim/power1772252519.csv	27	56c65aeee85cc142755558ebb495af60112482ab5d447e392ebb660cfb135d0f
residential_apartment/Power_data/with_ris_sim/power1772252520.csv	27	30ec3ef78311c6c6b26420a2d0caa83976cad44e9b156c0d862ff1a380607b75
residential_apartment/Power_data/with_ris_sim/power1772252521.csv	27	46f861f9c12f9851ca73b8d9675aa24650c770ac6671ab338b60e578ccad9665
residential_apartment/Power_data/with_ris_sim/power1772252522.csv	27	7b75fdbd474397a03deb2eb26b33498c03d9901cff249d2f9427afd49fe84bff
residential_apartment/Power_data/with_ris_sim/power1772252523.csv	27	5dd3f9fdb0ee48efa90514edf56ee31e850090ce4cf0da8686c1f4caecff44a2
residential_apartment/Power_data/with_ris_sim/power1772252524.csv	27	e6f423edf463ec15480a7395c34cbd8f23cdf99d47cb92ffd018cca1efe5485a
residential_apartment/Power_data/with_ris_sim/power1772252525.csv	27	bae4c90792f0a1771af4f32cc04780e3dbc47a36d571c5db24c390811c5059f7
residential_apartment/Power_data/with_ris_sim/power1772252526.csv	27	51660d6357b77ff17cbc21b5b7a17400b9c66daf10a1a5f3a1a7e42eff606c66
residential_apartment/Power_data/with_ris_sim/power1772252527.csv	27	feaecf45292424d3dce3829be7230f9237ff19489739dc282156781cff3b86f1
residential_apartment/Power_data/with_ris_sim/power1772252528.csv	11	17de8e0b45d62d62337365b288c5108bb7573f3c553fa66ffb6fce8e4cd63a5c
residential_apartment/Power_data/with_ris_sim/power1772252529.csv	27	11b66ad7bba0b11a84dc8f70a88387181c0a3028f20fd400131723e1f3989dd4
residential_apartment/Power_data/with_ris_sim/power1772252530.csv	27	d40318f17ebdaf54482f04c96c56ddc3ca7f341922cad3a667493a114f947bb2
residential_apartment/Power_data/with_ris_sim/power1772252531.csv	27	2d27672791fb76dc58119470c2615a69c621647689a533408d25e38c66ec6793
scene_models/scene1.mtl	7241	ed9b78dfe454b788cd5082828553d1adb9b6cd07d799afb933ebe21698e6b524
scene_models/scene1.obj	4034019	bf134dc977290b96ad244687ce9f1a8c637cd724d9357fff77960e292751447d
scene_models/scene1.png	16616531	66400029d310c8b6e7be6c492daf6cb2cac3953b6f22d89e495947f5440da207
scene_models/scene1.txt	10490	0dbb6db9ed386c182bf6468eaa61c7b7b1f7b5177d9df36c1b2370929da21c44
scene_models/scene1_nocell.stl	3453784	40acbd0576cb7e5c77b22557ff49752fc6b637a80205539ab0957509ac0a7261
scene_models/scene2.mtl	7437	7aa4ba6299beda5e67aed588eefa870aafd2bb7ee4920512331a5ad5b8bd29d7
scene_models/scene2.obj	5819140	181299d94db62b6c85bc89e951c7a08983892cd75453b5f66c8abccbe8ef981f
scene_models/scene2.png	16616730	b08bcad8b120aa336793879793272d9ec4b09cd37f544475a657d9fc20f7664b
scene_models/scene2.txt	39209	19be251b1c37a0a80135c4fe2c4aff50f04aeecaeed93862d23cdb9ac66cba02
scene_models/scene2_nocell.stl	4521434	86600cc7a3d39a9471d3909809ceb740caa97bad4777c8e1648876ceba3df730
scene_models/scene3.mtl	423	6ae82a8e5c2edaeb50a02738718c542e421246b7308a141f2db91cbcc544e4f4
scene_models/scene3.obj	45034	b33546b0464285d20d04663c39f91a3cde826cc7c946d1c795c43884fa3887f2
scene_models/scene3.png	16616534	885cae1fb0a9f4ebbda7b28fe8d7cfaf9c898d28af7f19de2c5253d9533bfe87
scene_models/scene3.txt	1326	670cbbce16cef50e5ca0a800c4a227a6a5f34ea22aac4b503b0a33a0b8d5b46d
scene_models/scene3_2.stl	15884	22f94ae512b97e838abac3c701d4b2e35bb2cc7107e2dac5c191dce0d84ab7e8
scene_models/scene3_nocell.stl	24884	d81815969c52dc357f349ce4240d73d044bfa8a3ca10d9840150171c433ab5a2
scene_models/scene3_show.ply	15123179	a686217511c1450fa7100864ba10a508dcd40afb1146b46e9508ea23140f1221
workplace/BER_data/constellation/data_with.csv	40526	65cdfb4f2edc920dc329607f0b6f07a25a96414071cf8027e812f6f25cdd1232
workplace/BER_data/constellation/data_without.csv	40491	031e83f6df7bf5389014e6dd9e44ff67c03a25b21decf02b080dac53d032f6c2
workplace/BER_data/no_ris/data_1770734672.csv	81	f4fa2f219599aa4e1d42bf6e95484ea6c80e244b31433fc3683db5beb05e3b07
workplace/BER_data/no_ris/data_1770734681.csv	81	8a5118372a03e63fa12f7679037db8ba6ad5822eb388817dde0c739d7274c3e1
workplace/BER_data/no_ris/data_1770734688.csv	81	400c21fce29bdbf57c95d8dbdd09b74b567dec338c19903c08ccf161b471aa39
workplace/BER_data/no_ris/data_1770734695.csv	81	545921cfbd080543ff0ad6c909aefaa71bf8321f944f993a1440607b2e801fa1
workplace/BER_data/no_ris/data_1770734705.csv	81	889bfc50a8a05ea6d30b310c49a037b89fb932ce48673b229b2228524b407443
workplace/BER_data/no_ris/data_1770734715.csv	81	0efb78625c06720522c11f97497211d3e3cb8f313d01208acf9566cc19598893
workplace/BER_data/no_ris/data_1770734913.csv	81	6d5628d22e72e28517005430aff64782c33bdc871c2b8be8f200ef85ac72cc7c
workplace/BER_data/no_ris/data_1770734923.csv	81	dc675de73a274f007c8b09fe957ad82371e7d1a6f62617076ef44f9c22bf5b2d
workplace/BER_data/no_ris/data_1770734933.csv	81	4fe4ca95b478074fdd087523e5c534a11f8bb076cc2757f08f15146fa04d1bea
workplace/BER_data/no_ris/data_1770734946.csv	81	fa0e079523b9ab9589fb1856a47f5ce776cc2501e1cf434e1d56e2fcbe5fa943
workplace/BER_data/no_ris/data_1770734956.csv	81	4c0486c80b7780b4034a8721fca48094949871d0ed97e95d3b7158c6360b26d3
workplace/BER_data/no_ris/data_1770734966.csv	81	1697f5149725217f435a12302046f5769458155cad44ed4df47060c4ed4bbb87
workplace/BER_data/no_ris/data_1770735018.csv	81	43aae4ba9e69446fc4a700969d62f95f261636761014895a66933eb704ca9644
workplace/BER_data/no_ris/data_1770735031.csv	81	c6b698bb192aad0a8afc4d805aa1fe79f2607a77d5176402bdcfd1a08d556a33
workplace/BER_data/no_ris/data_1770735045.csv	81	7f2fe56469f5759891feb4cfc2b59fcc1f13b39cb80b7330cb82a011fea26338
workplace/BER_data/no_ris/data_1770735058.csv	81	bf07eeccd3ea913818040886673c20d91850e2578ef8b7fcf4adbf6fb65fa838
workplace/BER_data/no_ris/data_1770735074.csv	81	e02991a8569d65ae02cddff490735a40940146dce8cda29c3527710a6190bfca
workplace/BER_data/no_ris/data_1770735086.csv	81	3eb3812e1fbaa4032c30d0ca2cfe8be2b3c93beda8f14fbc918101f4a4f6d76a
workplace/BER_data/no_ris/data_1770735100.csv	81	98e2f3d2373401349e84847af0bcd54178ced52657b53f2e42d7040186753b90
workplace/BER_data/no_ris/data_1770735113.csv	81	71d729ed0a7868df24f07bbbdc17b52807ffba4769913affc77bdd78e56be086
workplace/BER_data/no_ris/data_1770735129.csv	81	7a0dbcf86e48b3279e2c11e89eb46c478cd2f22b73bfa3880bcb8b367d1dd50a
workplace/BER_data/no_ris/data_1770735144.csv	81	ddc236c2ec858893c507a8b615de083cec11feb18718e737e890b01849ee541b
workplace/BER_data/no_ris/data_1770735175.csv	81	9a73765ab01bf72a6e501ddc89b61d500793ebb16369e8b0203ba4f4dc977b86
workplace/BER_data/no_ris/data_1770735189.csv	81	6d31368efb5d72ed677589f7bfd7da31f9489c257c8e8d1c954b85d2e069c314
workplace/BER_data/no_ris/data_1770735327.csv	81	3a99b6bf6ba74b7384ce12e2a81b51a880cd9072d1f83bc38e74fb5348fcf5a9
workplace/BER_data/no_ris/data_1770735341.csv	81	943f1d1e2a78c2db302a114d73dc4775170638fbcb13982cae5bc8caae516cf4
workplace/BER_data/no_ris/data_1770735355.csv	81	2129668e12269fd964a9b29125969551d8cb26d30c2c5b42035bdbed9d742485
workplace/BER_data/no_ris/data_1770735368.csv	81	23812db47fe2ba5fd1ff275497d1e59480fdbd0c8da3db33006a41064d4ae5d4
workplace/BER_data/no_ris/data_1770735381.csv	81	944f5fac2df91e442910423337142b36f769b8d1833d7c0511c682ebcd80cb84
workplace/BER_data/no_ris/data_1770735435.csv	81	686ed862270f46ec2bd06125452bb69e69428198650dd68b7e4d716671c44c69
workplace/BER_data/no_ris/data_1770735451.csv	81	c6ef95f1c398531386bae902e5d10976b2c415dd9338b8906fdaa029a26da84c
workplace/BER_data/no_ris/data_1770735467.csv	81	d26f31011c8e0166e2d45733c15a385ccb1be895ebade2ff588e46b804dde434
workplace/BER_data/no_ris/data_1770735481.csv	81	5daf6ff09cc727eb5636cdf5950054cf3708ab95b6e284bccd2db5375f16a774
workplace/BER_data/no_ris/data_1770735496.csv	81	a16145907a45c10ee2dab10b2e0f74756fd7e58fa563049ed9d86dfb6c3f3141
workplace/BER_data/no_ris/data_1770735514.csv	81	bcf16c1824200748afacbe7fd5dcbbca3694232fd0274414d62d17dbd521d195
workplace/BER_data/no_ris/data_1770735535.csv	81	8f084bcb7dc101c37c04620181145f950cc042687f740ff58cc847c84d2bb4fe
workplace/BER_data/no_ris/data_1770735870.csv	81	83f405d420faf9cd7e354e7ceac22c0c0afc9d24f8d0700b8bc2f4899ac638f0
workplace/BER_data/no_ris/data_1770735876.csv	81	5bba6142146d3ab5709612dad247702f702246ca984eba028cba4fa0131253cb
workplace/BER_data/no_ris/data_1770735892.csv	81	0157bd73a427f4f7f7a317444948457aebbc4d74cb0a6c57d9e83afcb13281ef
workplace/BER_data/no_ris/data_1770735908.csv	81	352dba442b5a17fa1b7a2fb08830715c16ad896a911c64132933c9e9f59c1354
workplace/BER_data/no_ris/data_1770735925.csv	81	6c9b58dccf16b1109c549151be5b76cd6c1fea20ef7cd11f429fa38b4d4555c8
workplace/BER_data/no_ris/data_1770735943.csv	81	18161c17b862fc71edc945e489e750f3873b0933970358e3a2be33ee5876b621
workplace/BER_data/no_ris/data_1770735961.csv	81	f65c627d545db2c6ffea2fe68edf480fe4716ef44ffffa0f8f9396fe46c2a657
workplace/BER_data/no_ris/data_1770735978.csv	81	313e233c6029fa49840bb67dd4e99b4df7da9e7b0494ebaf052fdeee065f7aec
workplace/BER_data/no_ris/data_1770735996.csv	81	00b48f6c233d66d49dce15505db49fca9ebe5b5d3f93fc6ec5b9edc42562d8e1
workplace/BER_data/no_ris/data_1770736012.csv	81	790b3d7e139bfed615801e3f3c7ca4fd3660b3417676778cbba4fa05e041f9f0
workplace/BER_data/no_ris/data_1770736030.csv	81	b68c4b2a5d629de2d75b149f2efe256a56455c2286c37c83acf8c567df446a4c
workplace/BER_data/no_ris/data_1770736048.csv	81	27d45b431bf49181ff7c5171f32c5d939d08937efc62a1fcc5946315e6e3c568
workplace/BER_data/no_ris/data_1770736172.csv	81	7961716836a10b8e7525d30d8cff20a45c10b48522d878b34da514ae4766642d
workplace/BER_data/no_ris/data_1770736187.csv	81	d91adfd2444698372eb1a6197a00330f7832a40d4322217b54671a9780e65291
workplace/BER_data/no_ris/data_1770736189.csv	81	e001d7b28b099bb480580df994fb5507639eab4804bad6235deb8991bf2b8bf8
workplace/BER_data/no_ris/data_1770736191.csv	81	59a6648368b9ff554e2196cdef571e09e949de44a55134564d4157c22370d92e
workplace/BER_data/no_ris/data_1770736193.csv	81	2ee32fb3713ad55d92d1a4224579ea891eb5aa8d81801eaf8824f97e6576629d
workplace/BER_data/no_ris/data_1770736194.csv	81	eca190db2649741aa958ab03e11e09a839ba2e68327cc3be281d1f13235e2df6
workplace/BER_data/no_ris/data_1770736196.csv	81	6dcb311aacfbd2c21d906afd831cbfb890c599bc1e75d217eaabb969cdf9d9ed
workplace/BER_data/no_ris/data_1770736198.csv	81	2785c820ae94b99ec79cf13b18869c726d693ad62dbd358a38f10cf1884196e6
workplace/BER_data/no_ris/data_1770736200.csv	81	6f54aa2bae714d61e768bf659f92c62f5155f7c37ff2fc3fa9bafc05174ef083
workplace/BER_data/no_ris/data_1770736206.csv	81	fa6b26a3826bed8894c9d2178515bdf2e747d9d3b80c9cbc29f1584ba1f2a5ce
workplace/BER_data/no_ris/data_1770736225.csv	81	6fec44d947033c5e63552492083d73398aaa46d76e13c54400ba880668b8b207
workplace/BER_data/no_ris/data_1770736227.csv	81	0b00f514b5dbbea75ae7e4a1e07390661b078b91a82892256a54966bf587d864
workplace/BER_data/with_ris/data_1770741236.csv	81	e46a29d764b10e27d38cc8d8e7dbd5b2aa2a5494ada6a95bd6f8f303a871fa5f
workplace/BER_data/with_ris/data_1770741535.csv	81	15b403dccecb83968755974905820728f1c75e1b154aa18d021fbeefd67b0b7a
workplace/BER_data/with_ris/data_1770741662.csv	81	83243e874477b9baa0401674f73acf7a288b5345c74a5f7b9e952f3454311a77
workplace/BER_data/with_ris/data_1770741781.csv	81	165f1b0c845ba5c43c4ef598068c4e91f67ec67c47ed25d4a85eae5e5d5b4191
workplace/BER_data/with_ris/data_1770741906.csv	81	a209246bc0c2f51b6e7e16a88a506410ef81883783b667a268734c206604b51e
workplace/BER_data/with_ris/data_1770742051.csv	81	8d271d42663ec792314449367329226e173e929a80e68672bfb19fe436a71e36
workplace/BER_data/with_ris/data_1770742194.csv	81	d92631843a4c4d5a87f0adb042b4365990f5afed1875c91d19053d09a935e68f
workplace/BER_data/with_ris/data_1770742316.csv	81	b1781980579d2256ee702801a70039c4f0ce26c4b642c21fe7d0eb82293e11bb
workplace/BER_data/with_ris/data_1770742439.csv	81	c8fd566843e943de2076a63896f4642f425648484b9bf447b453234ec67f6286
workplace/BER_data/with_ris/data_1770742717.csv	81	9f2f2ed38d311ea8aea13e6921629f7570f142957bed4cea41fafdc0e8f74f5e
workplace/BER_data/with_ris/data_1770742924.csv	81	40501e26c9bd2e314347b2caa0ee82e49bd5d05696288bcd474fb1dfa070fc8d
workplace/BER_data/with_ris/data_1770743120.csv	81	f71e56d6b053d2807f64af8698bbdbafddfa8f7be8b647d1fc221d60aa842df3
workplace/BER_data/with_ris/data_1770744066.csv	81	959d23d870f9d5244a4ad16182dff42ca9087640a694d19202439677cbaa91b3
workplace/BER_data/with_ris/data_1770744084.csv	81	7814cd51df73da6f0513294310348b41048f77f5a8e7a165a472054263e3cc59
workplace/BER_data/with_ris/data_1770744101.csv	81	1508278beeb40a36f89afdd9bd90e43236f6f6c422b17c0d22f7dcd170fad4b4
workplace/BER_data/with_ris/data_1770744170.csv	81	f09238f87a39a8d75a47748f432ac77ccfcc58db107d24c71764adf7c0d68b2a
workplace/BER_data/with_ris/data_1770744173.csv	81	9c2cefd76c39b1021bbb7c7d9df1bcfd8cad8b1947b112c0a28a88da42a8ecef
workplace/BER_data/with_ris/data_1770744176.csv	81	1a3c1c829ca2fe2caa24644287f9111a47b23a33db02f51b29333d3eaaf09657
workplace/BER_data/with_ris/data_1770744178.csv	81	fbe6198321c3c2821aa803b17dd4cd59b0b1233c30ea73e76e66982496d10deb
workplace/BER_data/with_ris/data_1770744180.csv	81	574de0f4ec056c5ba9d46f4ac0d03d33bd92da3577d6472065d13ca411d2ff94
workplace/BER_data/with_ris/data_1770744207.csv	81	e43686638b6032814dc92f38ddc3d901aeaf8ca1174a2b68299ea5c4e396e788
workplace/BER_data/with_ris/data_1770744211.csv	81	f2d46c853236a2b8ecc35d39dd91669a5f9fc87e0eff3b0bba693ba8bde9764f
workplace/BER_data/with_ris/data_1770744233.csv	81	10ea1c269fd61f61680fd722941a0e50d9cbd4a03dc2ccec06a168154b48f0fe
workplace/BER_data/with_ris/data_1770744452.csv	80	1445fb0f03309a22b5e0dda9d985e2667ed46e1c985123dbbf34ced6dcb98889
workplace/BER_data/with_ris/data_1770744516.csv	81	dc406130cc0688aada694f359921b30b29f8dc61724bd705b726579367e8320d
workplace/BER_data/with_ris/data_1770744526.csv	81	18ef08c2df0c3e8f80cfece3ff689d1f0fc7b57d5a9ac66f7bc6449ae9fc90dd
workplace/BER_data/with_ris/data_1770744546.csv	81	4bbe5967846026c083038cdbd4f56c640a6be8a1254f895ec0108926c602bb32
workplace/BER_data/with_ris/data_1770744548.csv	81	9a8e93ca115d6dec159da05df6cec184afdf8168c82cc7d4c7ebd8861b4351b9
workplace/BER_data/with_ris/data_1770744570.csv	81	4cde80480f10e5995baa9f16802eb008dcc01d78aecaf27542a4dde22265eb4c
workplace/BER_data/with_ris/data_1770744572.csv	81	ee29fdf4fdcd630151eb86c3c5937a395669d2d1da6afbdfa6f442adc0d77ed8
workplace/BER_data/with_ris/data_1770744596.csv	81	0c6e08632ecea94e9823dfde8730641f1965b3b23a597cf56c7ec88b445e9cc4
workplace/BER_data/with_ris/data_1770744598.csv	81	eecac32be29667ac9a62c56485eeaab9a3b8c2b9f5b7200594c3f6f7ee71a4e9
workplace/BER_data/with_ris/data_1770744661.csv	81	879ce0bf531c48498753b05b9f0eacdb85168069197f616c6e2e32fd067a1a18
workplace/BER_data/with_ris/data_1770744663.csv	81	1606fbfe995d017ad56133ba2b503667109da464c4d65cb8f90b99142a05ff75
workplace/BER_data/with_ris/data_1770744742.csv	81	dcdcd6277029ae056533c29726e48eb0cb24714bd571f71b3baf59ac1fd7b20e
workplace/BER_data/with_ris/data_1770744745.csv	81	756631562e409bd37f82f9fd2f2ce0c40dfe76f9a348bbc21b2609678287c5ab
workplace/BER_data/with_ris/data_1770751763.csv	81	dc23426a9de363db9a9b379660dcdb045d823eb05470f91402a37b0babe1d0e9
workplace/BER_data/with_ris/data_1770751817.csv	81	a925e1243841f63d6ccc8474b1c392c018700aefc1c89cc12b2a17589c3993e2
workplace/BER_data/with_ris/data_1770751861.csv	81	e75dbe8c45fd9e018c23464d376c546ca178050dd5809704badbe4fadcc37893
workplace/BER_data/with_ris/data_1770751872.csv	81	54ae14e0d7a9cd075b45701042a5623228832ad9a59761a611fefb860528663b
workplace/BER_data/with_ris/data_1770751914.csv	81	b42b1adb5abdfa75df2f0807f7410cbcfaa0ea2cb8c1536e34f8446646702cfd
workplace/BER_data/with_ris/data_1770751916.csv	81	540894b98be25cb1b75cee0eee5be4e5ce7ff79ba7bec76b201bb2fdadc3137c
workplace/BER_data/with_ris/data_1770751951.csv	81	6469f0767291f5d32e7565817c902c8664b772b7dd640090003e725518a2bb2d
workplace/BER_data/with_ris/data_1770751953.csv	81	d54bb02db5b92a77003a4688b26b16d7757aa39da77ce6b24452014370818cd6
workplace/BER_data/with_ris/data_1770751987.csv	81	eb826b893c7749c69cb651ea7a04e9be77d0f72212e6eb5d55e057cf2b9feeae
workplace/BER_data/with_ris/data_1770751989.csv	81	57d3deac716cdf663d8e3d86904c82b95b5b4c99ed9c52f389792e41ae1bd9e3
workplace/BER_data/with_ris/data_1770752034.csv	81	d7e3d43d3a4132c73c6154db1e8471914316722238da8eee16b472b5ffb4c35a
workplace/BER_data/with_ris/data_1770752039.csv	81	50705471f2c80cb0b6ff70f837e87f88a13c088136bdc56c07212999e0c43c53
workplace/BER_data/with_ris/data_1770752079.csv	81	93a27883522e6fa8f72e3abecd1a48dfe5c66d0e240086075a047139207b766b
workplace/BER_data/with_ris/data_1770752081.csv	81	bf012e035825e5b99328c93c88e7992e346b5311152761225eddd9d8758f4119
workplace/BER_data/with_ris/data_1770752149.csv	81	1370752d9906b8ee54375f9fe61c8ebe8ffed244295eec885daa462313c6e170
workplace/BER_data/with_ris/data_1770752151.csv	81	5a991e2b97eb4276f88d9bb69a4330c5fdaee083bae67b3b3a00cced789079d7
workplace/BER_data/with_ris/data_1770752161.csv	81	d2e5d40863a2ca2d9e035e21819028abdda2c92cacfebab5f1f46dd7c8319ff0
workplace/BER_data/with_ris/data_1770752163.csv	81	a2a06596fd36e6eeac2e251371f50be38cf087e3f6c26fdc2249a16fd0b906ee
workplace/BER_data/with_ris/data_1770752173.csv	81	3ac0e1634045aa025420a22a62c6563b911dde70e4cdb44ce82ca086f8695f60
workplace/BER_data/with_ris/data_1770752175.csv	81	a80feee1e99daa7000fa2f066fe67c8af287d41440d94bd6884bf0ed2ab5cb6d
workplace/BER_data/with_ris/data_1770752181.csv	81	394eb490f1e84380318daf09b4928a8b798843bb000bbe33c82a191b49c6c6fa
workplace/BER_data/with_ris/data_1770752183.csv	81	7b8b56e3d263615c1e737663e7999a29336c1cb39d9f790ed3f4ef34d685d0b0
workplace/BER_data/with_ris/data_1770752193.csv	81	118fa6f7a738690c40b01d36277763586dd91091be08cb5baf82578c6a20cec3
workplace/BER_data/with_ris/data_1770752195.csv	81	00b24a921c37a97a92452bdfa5d4c308f62ed3beb584888e34027f4278d3db38
workplace/Power_data/no_ris/power1770734672.csv	14	098de247e0a1e4f0f2a3e0354914dc0da5de08380cd65cf11671ce561de358f6
workplace/Power_data/no_ris/power1770734681.csv	18	d0dbf67cd68b957055387fcd3fcd66db1017e7d9d2d26ed875e42de8c8591d4d
workplace/Power_data/no_ris/power1770734688.csv	14	0fc5af709081da0cd6011015cd08f1057b77d63859e58feeb47bc8af2bb25a83
workplace/Power_data/no_ris/power1770734695.csv	14	b257747846afc04b170565d37b3e5e2d107cd51b443246f4f2b05e4ce9ffdbc6
workplace/Power_data/no_ris/power1770734705.csv	19	fc5990ea6ff415bcb875a9f513d6235d06912317ca0cd750cf8175c996e38735
workplace/Power_data/no_ris/power1770734715.csv	14	08057537f64b4b7a3f8cadc3583c157189c1686434e795fe35b72109b46a7f62
workplace/Power_data/no_ris/power1770734913.csv	19	bfd7b63407589604641803fd17dfc490ba60e71c2b36b6933daef636c6e13f90
workplace/Power_data/no_ris/power1770734923.csv	14	6c10c51536f0f2143356a28103b31f3275502a1de71e464a56cc682a18ff1db8
workplace/Power_data/no_ris/power1770734933.csv	14	d0024c4c88aa33fdd8989fc1c01cbb8322d71fb66087e8993666f7244d4b2e6a
workplace/Power_data/no_ris/power1770734946.csv	14	6ad9064bf33ff0f89458d0ebfda4eef1c86ea674f8eadf1ad1987b9e697b93f4
workplace/Power_data/no_ris/power1770734956.csv	14	a5d64452c41222a996f8313f187d5fe1b26f90e191e1f62b32435cfebc99c6a1
workplace/Power_data/no_ris/power1770734966.csv	13	ee5aac6c72d07c25fac874966bb7e1b3f010be2cccf034e8fa83b4d97134f920
workplace/Power_data/no_ris/power1770735018.csv	14	79cbf183ba01035905e3070d119ab4249de1b5a1602e2e7894f212f9ad3e0ccb
workplace/Power_data/no_ris/power1770735031.csv	14	accfe09402a08366559db62fc8e4541d68fdd83135cc5c7dc9625ad4b9b277bc
workplace/Power_data/no_ris/power1770735045.csv	19	66bf6709a1ee85a8866f0ce822434b38a26eb2c1ac8f05f070c6689336d5729d
workplace/Power_data/no_ris/power1770735058.csv	19	dcdd4ca0a216dcd8e5fcc46c31276d9c38c3d3c5b8c46e0c7c5664fd30ad85d7
workplace/Power_data/no_ris/power1770735074.csv	19	968d9be5860612690d88cccee83762fe2a4e85e13e35822a8635be6938d9fe48
workplace/Power_data/no_ris/power1770735086.csv	19	106d9f3dea1daa71a180d0ed5966478f183fe997ef50819e08d114506d6a54dd
workplace/Power_data/no_ris/power1770735100.csv	19	cf16d2d6148ec39321dcc12b5c98a0276d745da7cb640b854112358a09da3c38
workplace/Power_data/no_ris/power1770735113.csv	19	69d16f23ec7578a89c088d7f937bab264ec5dda880bcbf064a1f095a18c88906
workplace/Power_data/no_ris/power1770735129.csv	19	dd702e7f7c9e2746c6fac96ef3e49c00f39c48d7829833cfe0f77ba2b2fbe170
workplace/Power_data/no_ris/power1770735144.csv	19	13dcddea789bed58ff5ea60721f5528bb691e54ffe3edd84ac74a0deec3f747b
workplace/Power_data/no_ris/power1770735175.csv	19	3bab567feae88a452a153d1e9354ebd18817d19fc20d7375ac98b099454828d2
workplace/Power_data/no_ris/power1770735189.csv	19	0077b4deb9b9d71a297d8c4d10c806a6040b4859c032bea14beb377d9e69caa6
workplace/Power_data/no_ris/power1770735327.csv	19	fdd0807327acadef16f842cb482692e6b8c0908774e7dc89233a6f393413593a
workplace/Power_data/no_ris/power1770735341.csv	19	ac3cfbaa5aa62557d42aeb73582b44b18a5b01d50325bf5d57d8262e0ccf5a65
workplace/Power_data/no_ris/power1770735355.csv	14	48a0df3a854acbe77923920991e2688988ba95ea9eeea52fc96c1984b881f543
workplace/Power_data/no_ris/power1770735368.csv	14	dd1239cf4009973a003359ba4fd4f8a7921bf6e5eb3ff782bdf1e058d98a5e60
workplace/Power_data/no_ris/power1770735381.csv	14	8bee03ad59e7ab4a3bb123879da03434f30cd6977d99f6d77619ae31bdf933ed
workplace/Power_data/no_ris/power1770735435.csv	19	800e68c4bc1dc3134288c0ddee736cd71052e3fdadfa2ca71c8a18d91e8d22d7
workplace/Power_data/no_ris/power1770735451.csv	14	310ad788a399418daff7b6f9a5e00603929d0740ac0e6240dea6fc3ea68806b3
workplace/Power_data/no_ris/power1770735467.csv	18	68be8ddb97811adbefe6f6c32588972b376d36b06b497d2d25db045aa17cf237
workplace/Power_data/no_ris/power1770735481.csv	14	8e937184ec3c441ac31b2a5d7738d2933f3761391229b59c1833c69ef77f85d9
workplace/Power_data/no_ris/power1770735496.csv	14	645d68761f213e1ee37e27848860177c7111c2cece1c27187e5e025aa6ed5766
workplace/Power_data/no_ris/power1770735514.csv	18	81291e2eb2ce0a2753d3defe185c8848fe52c79d1830ef5a78695fab7d287f7d
workplace/Power_data/no_ris/power1770735535.csv	14	cea9259142ce07503cbb95ff5e90178ae5d609b48b490777a375ca7e6756c5c5
workplace/Power_data/no_ris/power1770735870.csv	19	51ef6fec438a0376ef43e2b72881aa3dc589760fdac6aa765d19b97547afee72
workplace/Power_data/no_ris/power1770735876.csv	19	172b870b3f0107a8893142ef297c8b876ed5c3733f258fd0a25fcd627e16005b
workplace/Power_data/no_ris/power1770735892.csv	14	f34323136a4a1edef3532c15f8197596b92d78447d77caba5acccaacb4b82f16
workplace/Power_data/no_ris/power1770735908.csv	19	ab50e09854af8f356b575309a98e1ec48a98cb96fb46fe47ef33d58e4bbe208c
workplace/Power_data/no_ris/power1770735925.csv	14	fa5917f25dea1ff21e27a1f21d8ed2348aa126ce2fba3c122886a4dda7c4b888
workplace/Power_data/no_ris/power1770735943.csv	13	de90a91e55432096b69993fc8e0a0765a9ce5cb40d8e3956088ff9a142b0fd37
workplace/Power_data/no_ris/power1770735961.csv	19	b070c8bc7c9af4a65c286f7e29522618adf3cb35f30257c53e9dfb067d6440f3
workplace/Power_data/no_ris/power1770735978.csv	19	b20c1da9bde8b7f577f03a91fe8375c3277148c09ba0fc299db24858f732cfcc
workplace/Power_data/no_ris/power1770735996.csv	19	9118b7a43dab67e33667501872d53532b6e70442bb3f77cc7b585639ee3ffbf9
workplace/Power_data/no_ris/power1770736012.csv	19	9250249122f730fc2a5fb76e79c9e511dad3b1358466d89d159c3a4ec2b9da58
workplace/Power_data/no_ris/power1770736030.csv	19	2094d5469a9a28ecb14558c9985b928d52aebe313c51928101df68d552320450
workplace/Power_data/no_ris/power1770736048.csv	19	168c049db8da29c8e403927137128c66ad38a56a478b83b61e564109c805e683
workplace/Power_data/no_ris/power1770736172.csv	19	3a14e1b9d6917e3215cf7126db88b97918685ab69a6c970f69749e68b71e6ce5
workplace/Power_data/no_ris/power1770736187.csv	19	1a142cba228a607e52f5b6748708df8aae3b9912a95bdab9da1bb1a04cf47ac0
workplace/Power_data/no_ris/power1770736189.csv	19	f6e069898756d8a576fc9050ac26722894635b7a2a3f20f32e969332ed9538c6
workplace/Power_data/no_ris/power1770736191.csv	19	db757c535e6e1435f1057903cc8e2595bf2827efe7175b815ec89c266bf63ee8
workplace/Power_data/no_ris/power1770736193.csv	19	0a1c2dd144bb2ea991487d59d18f7621afcf50c994a46a407463a8010026ab81
workplace/Power_data/no_ris/power1770736194.csv	19	03d8629bdad9c9b0239cb4a99f3015dcda8ea7052644fa26be9f433f3be5b801
workplace/Power_data/no_ris/power1770736196.csv	18	f1e369fb5434c2f3c6e1e7cb8f2e2a17428646e89e6ff7a831378c20b9098814
workplace/Power_data/no_ris/power1770736198.csv	19	a449f7de9269f2bf951d52e2ead3d521daff74ae2e46c5a6bc7c1b2f43b230a1
workplace/Power_data/no_ris/power1770736200.csv	18	bbb5159d7c14c0b68adb29575a71498b776bc74175c5e03f921836d110c0e795
workplace/Power_data/no_ris/power1770736206.csv	14	162d4c671e4323b2dd5e7286208da854864085b223ae924b9cb48dd21f5df733
workplace/Power_data/no_ris/power1770736225.csv	19	b0b743bf8a8759f053a40ea6fda644b14505788c562c6746e07e7ef6c9e1e8bf
workplace/Power_data/no_ris/power1770736227.csv	19	705a173d5f547948704b91fd960844a24ecb55d178dd79e3dd3793e647214666
workplace/Power_data/no_ris_sim/power1770734552.csv	27	6a7a7fc9c7df8f8333ad4c73d1ac1b1111feabf49d31e5623763294395b817c5
workplace/Power_data/no_ris_sim/power1770734553.csv	27	26483eeadf1f9b813e229e4966742295a3051ec9cf4fd9ac5c4c045e06b951e1
workplace/Power_data/no_ris_sim/power1770734554.csv	27	58e3b5247700dd4c42c8408023e5cdbe690a0cde6a19b683519db86477863966
workplace/Power_data/no_ris_sim/power1770734555.csv	27	6a7c7da01bd542bf29066db2a5decee7cb4836cff0298945010462af77451380
workplace/Power_data/no_ris_sim/power1770734556.csv	27	9c4a079f2228ab6f1f2b604fa7f4bf288f38f85a05e480d4b28e4f3138c88397
workplace/Power_data/no_ris_sim/power1770734557.csv	27	cbddaa871e50a9bda60a8ba2d41126d740e12b482430d82b7a2a230ca03dc297
workplace/Power_data/no_ris_sim/power1770734558.csv	27	b78e1abb91eef534242c1f55fcb4e93dc5f057f40e5b548deaca58bb93b88af3
workplace/Power_data/no_ris_sim/power1770734559.csv	27	09e0d17759ea6a90beddb201a6f6429e04f596121051d33ef1ff261b58ea7314
workplace/Power_data/no_ris_sim/power1770734560.csv	27	3b0f5182f7b76994a8b6b2f01fe06431e830d0b56be3b2daec72862b42eb9359
workplace/Power_data/no_ris_sim/power1770734561.csv	27	c6a510f6aff0382808cc91717ee7cc09b0ee9d43492431696d44b04832ac3b3f
workplace/Power_data/no_ris_sim/power1770734562.csv	27	218a43d7b82af5bdaceffbc47f4cf9209af05a4f983e1e670a636f3cd3c754b0
workplace/Power_data/no_ris_sim/power1770734563.csv	27	7713639ee823515d5cfdaac9d4cfaaf2641d28c699fc9998da2fd4bfea50c843
workplace/Power_data/no_ris_sim/power1770734564.csv	27	eec306fafe5d8eb2fd3150b0a00f294aee0143516c9a3b4ecf1d49e465570e7d
workplace/Power_data/no_ris_sim/power1770734565.csv	27	2808b0ba374f5567729bb7094e8ca033c8975b686d2e94f0007a75c758863560
workplace/Power_data/no_ris_sim/power1770734566.csv	27	fc2bc718cdbd056636e1d9783f80103ae76e739fb805d2fc7b403499bdf5eff8
workplace/Power_data/no_ris_sim/power1770734567.csv	27	0a5dda4e8956713ee809050822bd3d85098769aab93b4ddf3ef2a0ab63585383
workplace/Power_data/no_ris_sim/power1770734568.csv	27	50be8a53daddfb0e45877ae4166563a17c617843a6612af9b9a6218cead711dc
workplace/Power_data/no_ris_sim/power1770734569.csv	27	150fcccc42874203030ed36cc20bc9b3c0cc1151a5dc9fc837f07c884929a8b6
workplace/Power_data/no_ris_sim/power1770734570.csv	27	50be8a53daddfb0e45877ae4166563a17c617843a6612af9b9a6218cead711dc
workplace/Power_data/no_ris_sim/power1770734571.csv	27	bdca4a5ce849aa501f9fc0e67a8daac2d137ffb4d9cb941226486366bfc9a046
workplace/Power_data/no_ris_sim/power1770734572.csv	27	6814ce734f4d3d45ecefd5cb5927bd06b71c02d1be7b4f5197c899ee6848e401
workplace/Power_data/no_ris_sim/power1770734573.csv	27	1f8a18f3c17c5706a06b08889c1aa727632004b9f0fdbd1c586b7a20a775faeb
workplace/Power_data/no_ris_sim/power1770734574.csv	27	af8e24493ac3105de15b0b206cb01d0d1ec362ad31962693f6887e1138dcf214
workplace/Power_data/no_ris_sim/power1770734575.csv	27	6b51097467eb40bdca4740a9a2b4b045e8b0e140f966539e2bac50b3170ac251
workplace/Power_data/no_ris_sim/power1770734576.csv	27	308e8e0ea7fda47927a41c6e4844a2504a9e7858f788af6d4ecb31985c8e27c6
workplace/Power_data/no_ris_sim/power1770734577.csv	27	798c9b0281ff3ae8d8af474902645297e4f2d72b3e50e077f39fe5d72d28d787
workplace/Power_data/no_ris_sim/power1770734578.csv	27	4c2065c07896e7b584d264a214c26bd9ad8d2fc63c96cfe067de9e6bb6f51481
workplace/Power_data/no_ris_sim/power1770734579.csv	27	f61f924f9d5facfceb6992bd59d67c5d8552e37cdc3756a405b3f659c11c33f7
workplace/Power_data/no_ris_sim/power1770734580.csv	27	d42caff4cc43e28a08e158312abe423cfa62e0c47d5a74813eed25ca15700533
workplace/Power_data/no_ris_sim/power1770734581.csv	27	bf8c45cd51cca4fddc0cae48e480b6ee995bba593b4fbfb23ecc306ecf3462a9
workplace/Power_data/no_ris_sim/power1770734582.csv	27	30b915d665c2662077cd93ed09aa018cabac578cc347f2c14f07103e5aa14a63
workplace/Power_data/no_ris_sim/power1770734583.csv	27	10116dbdf26e6ad7f0b4b6a579da86679125b5cc5bd38242b979776f63593951
workplace/Power_data/no_ris_sim/power1770734584.csv	27	dab49ef42121eef38c3a993a27c41753181a902b112913b35d5d902f0bb42f04
workplace/Power_data/no_ris_sim/power1770734585.csv	27	7cb72cb9dd5568d8a43203bc55f63f235d9a2a879fc353505b914d8a132d3b15
workplace/Power_data/no_ris_sim/power1770734586.csv	27	2fc5407ec40ee41cf2afd0fead3eac6cdc5f98b89c867b798a6b7e4f936531b6
workplace/Power_data/no_ris_sim/power1770734587.csv	27	ab42bc9facfc3689c0e94742e2591ead4f7a1a019b977cc186db46bd0ca70f47
workplace/Power_data/no_ris_sim/power1770734588.csv	11	6bf383fc945006b1e99c29091174f4677bac83ea242d5efa82fa235437a6374b
workplace/Power_data/no_ris_sim/power1770734589.csv	11	539190aa077a5927b5e2655d999574ac8dd00f344aa402ab076414843f73908c
workplace/Power_data/no_ris_sim/power1770734590.csv	27	79f59caa80fb65a8ce0515e5454cbe2f282601d32fa5574e30b761240b2d8a36
workplace/Power_data/no_ris_sim/power1770734591.csv	27	4903abd9797119703edc9f876ec1259ad22abdb38b6753332c8e5e2af7014dd2
workplace/Power_data/no_ris_sim/power1770734592.csv	27	e211e0ab24a4ec93b260d639e320ee77b0b25af454bb23aa93239660d31157cd
workplace/Power_data/no_ris_sim/power1770734593.csv	27	639d6a1c759e380ed7a57da7cdf6786ceae8a91fe31fd0195f6ba28655feac33
workplace/Power_data/no_ris_sim/power1770734594.csv	27	bede1fbad7bc91e7bab4407d8263a2defebac412ce44db3340978a3276523a31
workplace/Power_data/no_ris_sim/power1770734595.csv	27	66c37720f8fdaa60ab94da9b0d6b98dabcb587323455ab0eff3617c0f1ab246a
workplace/Power_data/no_ris_sim/power1770734596.csv	27	9d296dfe2a5469b70f4a83e5595ecc57abd7cb30151d9d0a2372ebde7117993d
workplace/Power_data/no_ris_sim/power1770734597.csv	27	70308495d85f980c92da0be2721598d5c93c64b270bae40f9cab54eedfe836c5
workplace/Power_data/no_ris_sim/power1770734598.csv	27	eb22fd223f2c27609883702a5cc655ed69b44d114df4ad467acaa715978da4ff
workplace/Power_data/no_ris_sim/power1770734599.csv	27	6bd20efeb3fc6d86375144e41a82a62f9993a7c1fc50675a39de0131cade159e
workplace/Power_data/no_ris_sim/power1770734600.csv	27	1438cdece2c9ac768ecc3850a8e168060bb07c4da87779618b63638157b61dab
workplace/Power_data/no_ris_sim/power1770734601.csv	27	5b9b9216ce266abc5ba80dfcecdd8e3e05ece7f517aef994a4ff877bbb4379f2
workplace/Power_data/no_ris_sim/power1770734602.csv	27	7e52558976416185a9bdf56afdf684ecb149fb30a57d93faf545c7993368e5bb
workplace/Power_data/no_ris_sim/power1770734603.csv	27	1f81868ec7c83bbfce85781d4cb70236aa0a3dc67429fdf968463abf800b494a
workplace/Power_data/no_ris_sim/power1770734604.csv	27	855db59c8ad60a629becbd840184d41869e1443466213226d9b6e2bd5b5c4cf6
workplace/Power_data/no_ris_sim/power1770734605.csv	27	8b2dd814b8019926f4693ea977ce55a53abf2ec05974716bdb70a01d3c71a1db
workplace/Power_data/no_ris_sim/power1770734606.csv	27	4efa25e40c1e98a0112a47732ef5b2af83bd3b00c3a5f612e9e0139b193a7925
workplace/Power_data/no_ris_sim/power1770734607.csv	27	102249738defe92fbe23248140b11d9089609ba46c6a3a11a59aa18fa6786069
workplace/Power_data/no_ris_sim/power1770734608.csv	27	7e61623ffaf177a0a8bd3fde5e05e4ed260f4325b00529177be2daec584e5ad6
workplace/Power_data/no_ris_sim/power1770734609.csv	27	9138baa7645ef499733f4175d0568a1ea1d3f388c0998446ee9e270c84c76624
workplace/Power_data/no_ris_sim/power1770734610.csv	27	96c81e8491983517141c064a731dbcc4aa0719eab8655a05cc2be4143e1488d4
workplace/Power_data/no_ris_sim/power1770734611.csv	27	d352792219025529a358613b4925b82c6289ec543abfdf2bfcc56da341ede224
workplace/Power_data/with_ris/power1770741236.csv	14	afcff661ce5c3c7eb8bfa7defc56740c56f584f94c7d3008fb2b8649a53dc570
workplace/Power_data/with_ris/power1770741236.mat	417	1c072e99bfcedab09acf57edbe8a3b519ccc40fb6d537eadae62ff384d6a2ba9
workplace/Power_data/with_ris/power1770741535.csv	19	a0b8e1145670eba2f921476361bf003f8e84ce2afe9ac1c703df59f33dc44e32
workplace/Power_data/with_ris/power1770741535.mat	429	dfeab0e3bf28c87f4062094e2efa147309a3adea4931206418aabc03f4785181
workplace/Power_data/with_ris/power1770741662.csv	19	614d2ad7cd346549f882d92b77098b71870ee8d0f23bafc66e226b846139d13e
workplace/Power_data/with_ris/power1770741662.mat	427	133de2d155a358193358724b7e8617f483960f88068241bc3e3136ccc68028c5
workplace/Power_data/with_ris/power1770741781.csv	19	9a85433ef60d6309729f69a745c598608e5306443e408a35b47533225e70ee2a
workplace/Power_data/with_ris/power1770741781.mat	434	bb2987574336c7b8eb4625688f5159e08d4d3292e6b02297a05ee2dfaf2f7403
workplace/Power_data/with_ris/power1770741906.csv	19	9fe4efd9b9b2780de8759f1e36a5bf7e70426485b3a99f4a9b144d41f80a5492
workplace/Power_data/with_ris/power1770741906.mat	430	dab6e1926d159620b340f738ffa603a788df9ff5f6902d3a5e96cf79ea856116
workplace/Power_data/with_ris/power1770742051.csv	19	fdc5e81760132262e48c470fe78fb8de27d531cfa59490ebc2ff47a9ff7cb000
workplace/Power_data/with_ris/power1770742051.mat	423	57b771b122e716cdc6beed7ad2d960d7f626e6b0949430996e424066b8cb22a7
workplace/Power_data/with_ris/power1770742194.csv	18	47326a120cf1a25e74034bc003a84641325e9935f792c147020fe2a83075ac7a
workplace/Power_data/with_ris/power1770742194.mat	409	893dc1a404d92e66e8211f02560184b78ab980b4e078bfde0863bea340063e63
workplace/Power_data/with_ris/power1770742316.csv	19	5c6bd2fba0b7fcad0340c0bd529db81b28c3635064588359452720f5edb73cfb
workplace/Power_data/with_ris/power1770742316.mat	424	f0218a55c6d08f44aee939f21b1194eef0349f26215163e524ad8c44afd01817
workplace/Power_data/with_ris/power1770742439.csv	19	10239a9aabc5efb21ccb898aac90b712ba0dc57c15ab42f7ce9843f6b022a15e
workplace/Power_data/with_ris/power1770742439.mat	396	750e78b9990638477767933b4ade8565c4309ec93a1f178cce1568a0d216963f
workplace/Power_data/with_ris/power1770742717.csv	19	506703bc4d5e3ab82e8afcf8364d09f0f2301a665be4e927eff546764b46142d
workplace/Power_data/with_ris/power1770742717.mat	406	d12834111341d20dc600149b6917ade7d566ff97901c0625dca3eb83e93e06fa
workplace/Power_data/with_ris/power1770742924.csv	19	fae7a384c5e0306987c69889aface037f4a81f0c8a4b2e946ff69e447901b080
workplace/Power_data/with_ris/power1770742924.mat	412	b6e5773ac5a7d3a222f13f467910eba4c9c978a48a56a920ec7112582e47d7ee
workplace/Power_data/with_ris/power1770743120.csv	14	75bd9a5505dd658af6c10c80188ff56290586bad9060f10126fa2afc5a553e13
workplace/Power_data/with_ris/power1770743120.mat	411	8104a8242c83f9ce9f1324e3b30717ca89b5ef637b2f54cea829a58663acd6e4
workplace/Power_data/with_ris/power1770744066.csv	19	b62a7e2179c1eb81b7ec7c736620f7a34c882fc99067029ec6ce5c0ab0a5ae95
workplace/Power_data/with_ris/power1770744084.csv	14	ff342479fd352f874c4bef47be47c3c3b27c8e4c0b6e77db09eb04a0a44048b2
workplace/Power_data/with_ris/power1770744101.csv	14	1bd8e6538e645e256221cd8285e4db6d993125739464ca94d40a2ecac977671b
workplace/Power_data/with_ris/power1770744170.csv	19	03b49f36188253396245a4645250b0416aeec71008b7a88093998d19397de062
workplace/Power_data/with_ris/power1770744173.csv	19	a25ce427f652e69be495e009dbbb3d7f2e1da19bf0e3f09cdb2892c3f0882837
workplace/Power_data/with_ris/power1770744176.csv	19	3a0159f100e9b7df8d668a5687fc8d71c7b6ef7912c03fe930e010be3d6e4680
workplace/Power_data/with_ris/power1770744178.csv	19	a0a50a29479aa8de3b2c0bf9b082b135d444dfab8e77b63eab1605541403a641
workplace/Power_data/with_ris/power1770744180.csv	19	f9ef9f734ae19c13e728a8075288798ef93e1440cc8bd2de7c30def3d153bfc3
workplace/Power_data/with_ris/power1770744207.csv	19	bcdc8522d1491aa5169d95efe6e853d674a7cc8edda7df5ef690d1195ef87402
workplace/Power_data/with_ris/power1770744211.csv	19	a4dd5198d9f268ae7037cff3f0bd002ea4ce9c1e2c0a1b6d4d2c8d683140df0e
workplace/Power_data/with_ris/power1770744233.csv	14	ad5bfc56071a1a3f89a355175575d1f1d63a7aeaf7f1f8338b3a0af8f2eed277
workplace/Power_data/with_ris/power1770744452.csv	13	b7fe422fae39d68e1e96fc35aa443227db55d4344adbf717835203b779795f8a
workplace/Power_data/with_ris/power1770744516.csv	19	fa31dedd10e1f9972d61c3845111900fb4adddcd882c7b10501876c17b09d21b
workplace/Power_data/with_ris/power1770744526.csv	18	05fe8eda556ad874fa9472c26c356bfb5e667566738a80dd8f27775148de8b02
workplace/Power_data/with_ris/power1770744546.csv	19	2e22e92ac6f9ab8516f7bf839cab658e07ae367ad1dcda80d96f2e2c2c1e304d
workplace/Power_data/with_ris/power1770744548.csv	19	165ce7c4509b99ebf6f1788772569e77ba5cf380dc80ff8d0fdce53b1cfff426
workplace/Power_data/with_ris/power1770744570.csv	19	4003777231726a559eadb5a373d5f900ff6f5937154eda281bb74328c55728e2
workplace/Power_data/with_ris/power1770744572.csv	14	8f8253e502e874d4344f3dccf76b88b8369dae7c4fa22acd55a04d805d693ede
workplace/Power_data/with_ris/power1770744596.csv	19	98c7ae4ecac5041649552dc73cbf68ecedd2dedd9eeb78c442b000e1ba73a360
workplace/Power_data/with_ris/power1770744598.csv	19	470250bae0f76b1a9bea03bfc42c928e3148a260c446f03c503efbb7164cbae0
workplace/Power_data/with_ris/power1770744661.csv	14	16f750df207ec3882aa21ed9942263fbd555495c45727f9ce43045e65a7cefca
workplace/Power_data/with_ris/power1770744663.csv	14	592d4239febeb047da629dd640b22751d564f3a681bfacec608fb6ae1d524368
workplace/Power_data/with_ris/power1770744742.csv	19	55e870bbfa785986ab7c0921ddb2e92b2a36778c55573f734b73024287ac2225
workplace/Power_data/with_ris/power1770744745.csv	19	e37348a79bf2c81d47ccbafe57c54ebdc624622b6e3938156fa7dd122d15145b
workplace/Power_data/with_ris/power1770751763.csv	19	a5fceb0b44a4eec3948fbf9b17abaa4d4016fceaff1f0d9a9b8d6d72dd9416ac
workplace/Power_data/with_ris/power1770751817.csv	19	77dd5f13a0ba338ca3fee9f74891f0277111f70b3d8afe1f772848a95a25ccc3
workplace/Power_data/with_ris/power1770751861.csv	19	8245f03d198cbfc6d9d64a69d2496a14d283ae7304c3409b61d494e806b4a1f9
workplace/Power_data/with_ris/power1770751872.csv	19	e1d0293cbd44e0db8befa9e78ca7b18b7c47db589959ee7e37e49e66bf4113ce
workplace/Power_data/with_ris/power1770751914.csv	18	df8da748be37b996ac4e451f80f8669f2f7c8b0a5d496ab53400367ac2a2993d
workplace/Power_data/with_ris/power1770751916.csv	19	f8d7abea0cc9be4fd760a9b673bc2a919676a2785be3f134adde88904ec1933f
workplace/Power_data/with_ris/power1770751951.csv	19	c36f2f328ce73fed1abb40f27e18be4f2af2dfd8c54ac6d825d297120c67c91b
workplace/Power_data/with_ris/power1770751953.csv	19	92bcdf9005da10fbf7edc89fb7f6e51478774ae81e25fb7cdf9e31e7f9fba6ae
workplace/Power_data/with_ris/power1770751987.csv	19	49756ecedacc0e9fabbea0b34316a39d8314448a76b5ef2e8745e6c2d960a38d
workplace/Power_data/with_ris/power1770751989.csv	19	f59505ae57f5e99af6d409f91d4a92c20b55e96e15a2e691ff4cf34f29901d71
workplace/Power_data/with_ris/power1770752034.csv	19	2f33dce13aaad394cea5f4e09e5f6ece5b8a8a20ac869ca00eb4d99649a997fa
workplace/Power_data/with_ris/power1770752039.csv	18	f1ac563c07b8f57decbd7865da1d84e7152705cd145536cc1bd844b3f81b00ac
workplace/Power_data/with_ris/power1770752079.csv	18	23e2113eb77c6388730e823309780f0c1aa345d118ccf7e0da66a450c358d809
workplace/Power_data/with_ris/power1770752081.csv	14	f2c4121d656de92e83940fa4ce3d2b6a3cb9ff8e8a5435ee5bffa3bff1206cca
workplace/Power_data/with_ris/power1770752149.csv	18	ce755a283638af738eb9ebf1013b6e07d6366b3eb256d279c4dd9718a72f2082
workplace/Power_data/with_ris/power1770752151.csv	19	45734cd2fc270af40b6b7a943661c17462cbe49c5cc457ad19d824a747ccdd6c
workplace/Power_data/with_ris/power1770752161.csv	19	39a46177576fa031f4f520c7b06a1841c01b61df249cf752ace4ca7fce189b7e
workplace/Power_data/with_ris/power1770752163.csv	19	96cdd6c057b5288c873280e41e087a179967893949a8b8026d63d9ee6c944322
workplace/Power_data/with_ris/power1770752173.csv	19	ab9e1cdec9feb17fde7c204bfd586a332e777ac48fd90aa57a2749f49d0b25d1
workplace/Power_data/with_ris/power1770752175.csv	14	ce3b0403f7f9a53c9aaea06e88c52cdf6e60d956959b17e294e0572159dea305
workplace/Power_data/with_ris/power1770752181.csv	13	5048df2d0c4039e63d0470561dc9561b96745304881636ff68910eb8938c7327
workplace/Power_data/with_ris/power1770752183.csv	14	52904200247e92baad26348887dc97b0e76a947ca29de4a866dca8d13b047cae
workplace/Power_data/with_ris/power1770752193.csv	19	b6a5e8d75f7f1f9a3605a243c7a84598f5bd940af09605389d227156d164e3be
workplace/Power_data/with_ris/power1770752195.csv	19	0bd047e582cd14b309b3993ac07014eac1b9a9815e9b443f9d29d5e5cd99b1ce
workplace/Power_data/with_ris_sim/power1772257859.csv	27	777ae69f472e1653ab9dbab8980694bb357c8eddfdd239480b82e8721c78538d
workplace/Power_data/with_ris_sim/power1772257860.csv	27	f05b924de82386e0fd9efd9533813576a807cfa721835a803377f397346d2f3d
workplace/Power_data/with_ris_sim/power1772257861.csv	27	300013d59a30db9214a540a51651f5cc604f52c8c49e5aafd615b87973e9e91b
workplace/Power_data/with_ris_sim/power1772257862.csv	27	49527f78fff76a9266981fa0503f02d50286e2ca48d07cd3081d446e43deb5b8
workplace/Power_data/with_ris_sim/power1772257863.csv	27	9e9472286820b81fe3d21bb3fddaa3f3737f2c5bc28f684ffb387a0a47d06558
workplace/Power_data/with_ris_sim/power1772257864.csv	27	c3beb6aad203231b700e5dd6870de0711184f4cb4e31cbd5b37fc4b6f834c0e1
workplace/Power_data/with_ris_sim/power1772257865.csv	27	15cfb3e10e74be187f588c35c623a493452cd2b5b132f41801bae7da172eec84
workplace/Power_data/with_ris_sim/power1772257866.csv	27	65c7f74936d63206e574e96de57734e4b2f1146e1e2781bd7656ff39dcd0602c
workplace/Power_data/with_ris_sim/power1772257867.csv	27	ef94db6d9aa9f662ca5fb2762106c67016f1d4a09e3e1ccff7574d44dde8a27a
workplace/Power_data/with_ris_sim/power1772257868.csv	27	1c75b7e7e16f82e113a8fca93b3f9701cc1734483e3c97f46545104db6fee7f6
workplace/Power_data/with_ris_sim/power1772257869.csv	27	8a227703bb0a3138e71aa110905baf7a5a42370dda597bf5c040ca3a52148bc8
workplace/Power_data/with_ris_sim/power1772257870.csv	27	1bcc554624c715d118bcdf42c9ae224188701d3cf153af070753c4f5e075beae
workplace/Power_data/with_ris_sim/power1772258599.csv	27	5a36b76f67a930106f1e6079528f1ca3a820a38d4482a66f11a85ca72db08e2c
workplace/Power_data/with_ris_sim/power1772258600.csv	27	20cd47c57c21a70f76bd48c7276a12965cc966ba47e2f160563b3da4ed553e49
workplace/Power_data/with_ris_sim/power1772258601.csv	27	cb1cf59d9bc7b28fd344576e0a83e9c9e94f3b4c426e6bfbcbce8ad3e71e4157
workplace/Power_data/with_ris_sim/power1772258602.csv	27	2e067f7b49c08ae0b81c7cb9bcf38d9ff89c97f0ee67720dd74b00291d552a14
workplace/Power_data/with_ris_sim/power1772258603.csv	27	ef769d57e0d144cdcdbc2c3f7f60d600f828d54251427ec4c7d29461fb7d20bf
workplace/Power_data/with_ris_sim/power1772258604.csv	27	3a5cf2e7fd499cc3a262954e4cbccb0fa19e5903865872785a15971cfae10ea1
workplace/Power_data/with_ris_sim/power1772258605.csv	27	7a008d13125096b6f35e0c529f6e9e4f19b4dc89c1926cb9c53dc68c9e32a8df
workplace/Power_data/with_ris_sim/power1772258606.csv	27	bf3c7593e7385cf1abd6f406415bf90bb98348559754f0b54731172688cd6411
workplace/Power_data/with_ris_sim/power1772258607.csv	27	d3bb843ae67859145fd6b4efc07c75c93ff10f9c7153077fee4bd2018a9f41f7
workplace/Power_data/with_ris_sim/power1772258608.csv	27	54a745c0426542b8358e736732c116e0d9f49d40dafdd994b541b33ac46aeb35
workplace/Power_data/with_ris_sim/power1772258609.csv	27	802d89d5c796cbb92a9e347ceaedb4147b21a1d728189bcafb9d325bec6a690d
workplace/Power_data/with_ris_sim/power1772258610.csv	27	75b4d72e11d6ae65f5aee4ac2ff3f0c574a9d0e6175c9daa8340cf2c86a1e9fb
workplace/Power_data/with_ris_sim/power1772259938.csv	27	56fcbfd8038f71a1a5b6aeb86b4370089d7f4834025b2b5c6c4f6a0d706323a8
workplace/Power_data/with_ris_sim/power1772259939.csv	27	bbc4c78475f14ad163d35b03ed26ca9da07507fc9c02b35c900979ee94fbf72d
workplace/Power_data/with_ris_sim/power1772259940.csv	27	fe9a9b99da93e7a76d7f0aaf274babe29b7dc1602074a4cb8e665d58e9a5cd80
workplace/Power_data/with_ris_sim/power1772259941.csv	27	3ad582f076dca649f2b87aba9e25f3f1cc788656d6bb856d02477a05db05518c
workplace/Power_data/with_ris_sim/power1772259942.csv	27	723f7f5e182f1d52d8a76b4e698d0cc2d96bdd0fb04a8b7067aacc205de9a877
workplace/Power_data/with_ris_sim/power1772259943.csv	27	cc0b6306db9687c80159ba0f08809915d951c5e49ec98887841d57d507b83d5b
workplace/Power_data/with_ris_sim/power1772259944.csv	27	6c0ae706f5f9d2a72f01653632c3514bff9d52473053d190e132fa400df00b1c
workplace/Power_data/with_ris_sim/power1772259945.csv	27	37e0f0a1608badc08d60a3da3d34de66be7dedd32ef8685f50ec36f4aae98327
workplace/Power_data/with_ris_sim/power1772259946.csv	27	2bf170a9fec54621673e3638f09c8eea31e45cdf32d3fbc414edb4ece62f8894
workplace/Power_data/with_ris_sim/power1772259947.csv	27	a3000e46bbfc428b08aacf78db9b5ae18d5f1c67747c009c6c3ed3fc1b29033d
workplace/Power_data/with_ris_sim/power1772259948.csv	27	cfefc46348cb65f1d123f8ce7f466b0336d3c77b4fc8a2bd6ca6392108de4b89
workplace/Power_data/with_ris_sim/power1772259949.csv	27	7660d83221c511c8d937d3984ba90e38c32d8480b7d306d5214e5907e1643d26
workplace/Power_data/with_ris_sim/power1772260218.csv	27	99dab232736f3937f6e3959e742a4dba8133242c05c670305f09673f4afa6a59
workplace/Power_data/with_ris_sim/power1772260219.csv	27	e0e0e774f4b2976660c11c09ae8e1dd1b3fc279de3374f4e9cb3dbee495ff785
workplace/Power_data/with_ris_sim/power1772260220.csv	27	fb6a61c96074832802a61d87c7e8318d8f85ff8829d7cd629a8352f9756c91f9
workplace/Power_data/with_ris_sim/power1772260221.csv	27	98308aea83abbff95c1da478c7f6f5bacb503413352b369f39910993a1b47dbe
workplace/Power_data/with_ris_sim/power1772260222.csv	27	bdb3d37853d3de8f7d9080cf34eb5ad56c9da1642d1a222739ac18df973a362a
workplace/Power_data/with_ris_sim/power1772260223.csv	27	855070704971bb757516e5ae8dcd1a8053eb335f6bb03633d05f1f6b7d38e161
workplace/Power_data/with_ris_sim/power1772260224.csv	27	38a8208a2ab083365f325e1390e28e261df1fedf8bc85cc147dcadf9b951efb7
workplace/Power_data/with_ris_sim/power1772260225.csv	27	90e6ea05f3d42a4d30fc1ac759db27e8f155e254d504c6633bfb3740fff5846b
workplace/Power_data/with_ris_sim/power1772260226.csv	27	d00eaefa0b41cfa3b072b17d13b41e2b4c0fe4fc6bd4746046aa0d4563a7a39b
workplace/Power_data/with_ris_sim/power1772260227.csv	27	2ef45529b9b4a68e16ea4849c3e21722d2c96db5671beec5add6303dfe3cf4fd
workplace/Power_data/with_ris_sim/power1772260228.csv	27	7c4d379a5fadc0d8a8507b1921cd6f3892c5a2b4a8839fa3b5bee0e2b9463dcb
workplace/Power_data/with_ris_sim/power1772260229.csv	27	af9fe92fa9bedf30eb381b2895eac7eb4fb3549eb829b06f3ea3ca5fd48264c7
workplace/Power_data/with_ris_sim/power1772261614.csv	27	b217f7a588d1bfde260073c8312be25bb2186e9a50178f1a2f7da7528e42fd69
workplace/Power_data/with_ris_sim/power1772261615.csv	27	1267a22a00eceb512ae01fdd6dd508b55cf4f0fe5a4c0d9355b52f1d0d8fe622
workplace/Power_data/with_ris_sim/power1772261616.csv	27	2aae51b32762d0958f026ed9d044b3852d20780d87f371ab6de51c4d95672f87
workplace/Power_data/with_ris_sim/power1772261617.csv	27	f54ab19f23819f5d7fd7272b5688626f5efe038577bc4dab397a5b249398298f
workplace/Power_data/with_ris_sim/power1772261618.csv	27	90dc3e232305a233b478e4ac5596abeb410b8fcd5eb4ca689a2c59cf99e919c1
workplace/Power_data/with_ris_sim/power1772261619.csv	27	b4f7291f68f661801f694940db4cc44e60c896c59db907034cc45b9ad4c188c1
workplace/Power_data/with_ris_sim/power1772261620.csv	27	708ce77d664167f3db39d6a6d457c8e9c966e172ef93927f2c858dcedc467efa
workplace/Power_data/with_ris_sim/power1772261621.csv	27	3554042a8b8cbb713ab0c18d20702523be1791ba374170b5323921eda691e147
workplace/Power_data/with_ris_sim/power1772261622.csv	27	1d4db56519df07291f40df397b1470376bfaa2c15633251a17f379e794969b7e
workplace/Power_data/with_ris_sim/power1772261623.csv	27	1caa6a6db9f75cc8bdbf39d445d837978b4511c3e0dd5fe7aecba6295a6545a8
workplace/Power_data/with_ris_sim/power1772261624.csv	27	97f69a7c7cea80434b56e8a349ea902f28f4f55bf14fc44254fa5c57967b7b82
workplace/Power_data/with_ris_sim/power1772261625.csv	27	6b335a893a7cbb35eebc746a9ae1c1ca178f7c2922f0989ba45bef90956451af
